id,pos,avg_type,points,pos_rank,drop_off,sd_pts,floor,ceiling,tier,pos_ecr,sd_ecr,risk,name
0521,DST,average,8.898,1,0.250499999999999,3.95963508419652,5.0675,14.22,1,NA,NA,12.5718807428168,Chicago Bears
0524,DST,average,8.678,2,0.3165,1.29933316230544,6.885,9.95,1,NA,NA,4.76930180713132,Minnesota Vikings
0507,DST,average,8.617,3,0.663500000000001,2.80625016703786,6.68,12.62,1,NA,NA,9.18904032710849,Cleveland Browns
0505,DST,average,8.106,4,0.333666666666666,3.79440992338291,4.9075,13.36,2,NA,NA,12.0872807247507,New York Jets
0509,DST,average,7.801,5,0.2565,0.990604192736264,6.2125,8.535,4,NA,NA,3.86380978948695,Jacksonville Jaguars
0518,DST,average,7.74366666666667,6,0.4865,1.05906405220207,6.2425,8.675,4,NA,NA,4.06460032871573,Philadelphia Eagles
0512,DST,average,7.34533333333333,7,0.1765,1.75668342813003,5.275,9.4,5,NA,NA,6.11069524860068,Kansas City Chiefs
0510,DST,average,7.169,8,0.1315,1.36367762563836,5.4,8.66,6,NA,NA,4.95802202347146,Pittsburgh Steelers
0516,DST,average,7.16866666666667,9,0.273333333333333,1.47494632670707,5.775,9.17,7,NA,NA,5.28436950155869,Dallas Cowboys
0506,DST,average,6.90633333333333,10,0.0596666666666659,1.10989488991826,5.475,8.0925,8,NA,NA,4.21368552103317,Cincinnati Bengals
0531,DST,average,6.88433333333333,11,0.1355,1.95412384459123,4.95,9.47,8,NA,NA,6.68978156277288,Baltimore Ravens
0503,DST,average,6.809,12,0.122166666666667,1.77990636457839,4.6325,8.96,8,NA,NA,6.17880736522388,Miami Dolphins
0532,DST,average,6.68866666666667,13,0.0434999999999999,1.49227901769966,4.7,8.0725,9,NA,NA,5.3352057200062,Houston Texans
0504,DST,average,6.685,14,0.0920000000000005,1.26992388223337,4.95,7.995,9,NA,NA,4.68304534604477,New England Patriots
0523,DST,average,6.60533333333333,15,0.0409999999999995,1.30537989361973,4.55,7.62,9,NA,NA,4.78703667323595,Green Bay Packers
0515,DST,average,6.58066666666667,16,0.0640000000000001,1.16711181983561,4.825,7.64,10,NA,NA,4.38150091388918,Seattle Seahawks
0527,DST,average,6.548,17,0.0823333333333336,1.63539190002478,4.125,7.82,10,NA,NA,5.75495114508992,Carolina Panthers
0525,DST,average,6.48533333333333,18,0.0396666666666672,1.09142872725005,4.76,7.3625,10,NA,NA,4.15952486705917,Tampa Bay Buccaneers
0519,DST,average,6.446,19,0.086666666666666,0.580336109508964,5.575,6.97,10,NA,NA,2.66050685690182,Arizona Cardinals
0517,DST,average,6.44533333333333,20,0.245333333333333,1.43395490398641,4.675,8.14,10,NA,NA,5.16414299311914,New York Giants
0514,DST,average,6.27333333333333,21,0.198,1.40591132958898,4.475,7.91,11,NA,NA,5.08189210231833,Los Angeles Chargers
0522,DST,average,6.12666666666667,22,0.167666666666667,1.19583304297325,4.2675,7.225,12,NA,NA,4.46573932638544,Detroit Lions
0520,DST,average,6.024,23,0.180499999999999,0.749304121613292,4.925,6.7675,12,NA,NA,3.15608453596191,Washington Redskins
0513,DST,average,5.894,24,0.136666666666667,1.24801308753821,4.125,6.99,12,NA,NA,4.61878169846939,Oakland Raiders
0528,DST,average,5.793,25,0.0898333333333339,2.21608664090554,2.375,7.68,13,NA,NA,7.45810991664721,Los Angeles Rams
0508,DST,average,5.72166666666667,26,0.0706666666666669,0.811147335568576,4.5,6.3975,13,NA,NA,3.33746866930102,Tennessee Titans
0511,DST,average,5.68466666666667,27,0.191166666666667,1.00261657676302,4.2,6.545,13,NA,NA,3.89904172079643,Denver Broncos
0502,DST,average,5.61733333333333,28,0.302333333333334,1.02601494466049,4.275,6.62,13,NA,NA,3.967668372149,Indianapolis Colts
0526,DST,average,5.36966666666667,29,0.2345,1.45983104045183,3.6,7.04,14,NA,NA,5.24003685902234,Atlanta Falcons
0530,DST,average,5.26033333333333,30,0.406000000000001,0.894196100789232,4.05,6.265,14,NA,NA,3.58104799419387,San Francisco 49ers
0529,DST,average,5.01,31,NA,1.43005477750563,2.8,6.2025,15,NA,NA,5.15270404911244,New Orleans Saints
0501,DST,average,4.69866666666667,32,NA,1.03576863568399,3.175,5.5625,16,NA,NA,3.9962756304075,Buffalo Bills
10976,K,average,9.28784374754114,1,0.565388442366274,1.30849397999785,7.72604466111913,11.01,1,3.8,3,4.48808710690972,Justin Tucker
8359,K,average,8.76712381419579,2,0.201540860102803,2.28216773124192,5.30869334723248,11.002,1,1.7,1.8,4.26904655824113,Stephen Gostkowski
13354,K,average,8.67778679615395,3,0.314434035139623,1.74044174074265,6.11970610405008,10.58,1,2.9,2.7,5.05571796285749,Harrison Butker
6789,K,average,8.45337911203203,4,0.182822647911889,1.89314912510786,5.61055285829529,10.263,1,4.9,2.6,5.27373138216496,Matt Bryant
12417,K,average,8.27332640999662,5,0.107591470524492,1.28911520752198,6.44697553191489,9.423,1,13.5,3.5,5.85470591154249,Josh Lambo
8153,K,average,8.26778651824366,6,0.268129372920731,1.38651250491519,6.24361800865801,9.45,1,9,3.1,5.0317680785917,Robbie Gould
12956,K,average,8.0636833607006,7,0.151356009150443,1.40970590409374,6.03898716475096,9.557,1,6.3,2.5,3.39162371213007,Wil Lutz
13303,K,average,7.93563092994526,8,0.0990331247251648,1.67413390637265,5.56880782665259,9.728,1,7.7,2.3,3.69234112577415,Jake Elliott
8930,K,average,7.88902377315506,9,0.141418393240516,1.85767280310982,4.99647145032206,9.514,1,11.3,3.5,7.73168250624029,Matt Prater
11936,K,average,7.78417183728512,10,0.114097752498553,1.67453395398458,5.35710310100544,9.335,2,NA,NA,6.62444840250553,Chris Boswell
10506,K,average,7.71103892254397,11,0.179690396853129,1.16254126013021,6.10830807057312,8.847,2,5.5,2.6,2.8617789729331,Dan Bailey
9694,K,average,7.62910924702917,12,0.239335726247321,1.87361635096129,4.80223866579043,9.033,2,13.3,2.6,5.20924792404719,Graham Gano
11960,K,average,7.43358780435251,13,0.100929104213381,1.50506557743392,5.28841118293471,8.841,2,14.4,3,5.13702802412392,Chandler Catanzaro
13564,K,average,7.34595923721119,14,0.0772460733634084,1.58745334268289,5.50085733023916,9.22,2,11.7,2.9,5.12289560587068,Sam Ficken
10862,K,average,7.31935816306707,15,0.111427377456123,1.54122539409475,4.95324720715725,8.746,2,20.8,3.9,7.83147120571577,Randy Bullock
8742,K,average,7.21806816462849,16,0.0911689659441794,0.928334230202827,5.95905246021486,8.25,2,10.7,3.5,4.66366131817972,Mason Crosby
12860,K,average,7.19779340659341,17,0.151684157393164,1.14931031766135,5.55873128205128,8.342,2,16.8,2.4,2.24586217986818,Ka'imi Fairbairn
11966,K,average,7.05600499077521,18,0.122728817192468,1.96388497482825,4.50844628863455,9.147,2,17.8,3,6.65172640610945,Cody Parkey
11387,K,average,7.03621350762527,19,0.275682625709972,1.36669330899172,5.14717545388526,8.27,2,19.1,3,4.6802202860218,Dustin Hopkins
2842,K,average,6.83033883954022,20,0.147630069964899,1.30353978323032,4.87298457803377,8,2,16.4,3.7,6.47456324057168,Adam Vinatieri
11947,K,average,6.69072292429038,21,0.0198761420703359,1.48496388703535,4.69299868901518,8.51,2,20.3,3.5,6.50126026311877,Brandon McManus
9686,K,average,6.67469461486026,22,0.0220310613953956,1.3990416760087,4.62633012951602,8.232,2,24.7,4,7.64819951785232,Ryan Succop
5666,K,average,6.66699894957983,23,0.0309957827272394,1.78405057279843,4.50715367647059,8.65,2,22.5,2.8,5.48580237258496,Sebastian Janikowski
13909,K,average,6.6383281573499,24,0.118898021801543,1.68113098251428,4.60131573498965,7.588,2,NA,NA,6.6680058828413,Brett Maher
12437,K,average,6.63367817635529,25,0.255797732196392,1.5161989867105,4.36208625551916,8.247,2,26.5,3.5,6.60437655507981,Jason Myers
7859,K,average,6.40518209474142,26,0.0726628796292186,1.94176128499651,3.38288239895697,7.862,2,26.9,3.4,7.72316465605894,Mike Nugent
13832,K,average,6.35057879357638,27,0.0619853388887304,1.45335400297036,4.54403602910654,7.85,2,22.4,3.1,5.25243161097204,Jason Sanders
11384,K,average,6.31445963664802,28,0.108837052260729,1.57049478822408,4.22804785544126,8.034,2,21.9,3.1,5.63914795055137,Caleb Sturgis
13241,K,average,6.26272727272727,29,0.162473825833755,1.36509999219645,4.29957754010695,7.758,2,27.9,3.6,6.39167290584524,Aldrick Rosas
3494,K,average,6.14851789604731,30,0.240023397177444,2.13690155723286,2.96254672212319,8.041,2,29.1,3.2,7.7951428028304,Phil Dawson
9319,K,average,6.05198899773973,31,NA,1.84844222454682,3.30220457272193,7.889,2,30.8,2.7,5.41225946698929,Steven Hauschka
13898,K,average,5.765,32,NA,1.08187337521542,5.0765,6.4535,3,NA,NA,2.71135307642999,Greg Joseph
5848,QB,average,25.2962,1,1.33701666666666,1.09550986868259,24.2706,26.8908,1,2.1,1,3.03904631296396,Tom Brady
13116,QB,average,24.1775428571429,2,0.463316666666671,0.982626696544474,22.9422,25.3737,2,1.4,0.9,2.69014039428634,Patrick Mahomes
4925,QB,average,23.7408238095238,3,0.104895238095235,2.48076939793167,21.0446,27.12992,2,5.6,3.1,9.27668028636839,Drew Brees
7836,QB,average,23.6876285714286,4,0.654300000000003,2.06437377567976,20.41136,25.42936,2,5,2.3,7.02352313129074,Aaron Rodgers
7401,QB,average,23.5842285714286,5,1.14447142857143,1.80711966399572,21.4422,25.97982,2,6.4,2.7,7.63547117528031,Ben Roethlisberger
7813,QB,average,22.4824285714286,6,0.0870571428571409,1.04144711773936,21.241,23.86324,3,16.7,2.7,6.78889937764961,Alex Smith
10273,QB,average,22.3970857142857,7,0.00967142857142989,1.42146821011972,20.606,24.16056,3,5.6,2.6,6.98497688734939,Cam Newton
10703,QB,average,22.3936571428571,8,0.0793428571428585,1.1379412044398,21.01838,23.903,3,13.7,2.4,6.22330152609489,Russell Wilson
8062,QB,average,22.3811714285714,9,0.322099999999999,1.36677509349215,20.5546,23.99064,3,8.4,2.5,6.70040925550033,Ryan Fitzpatrick
13113,QB,average,22.2474571428571,10,0.376799999999999,2.50140681674476,18.4944,24.6615,3,7.3,2.4,7.73082787017016,Deshaun Watson
10700,QB,average,21.8706857142857,11,0.0365000000000002,1.77604686392481,19.6706,24.24774,3,6.5,2.4,6.92882800457421,Kirk Cousins
9099,QB,average,21.8706285714286,12,0.138757142857141,1.10015303437641,20.8242,23.41498,3,11.7,2.3,5.95742497971266,Matt Ryan
9431,QB,average,21.7977428571429,13,0.326666666666664,2.24770958342678,18.6226,24.33122,3,9.8,2.4,7.45032555372426,Matthew Stafford
12610,QB,average,21.666,14,0.998495238095241,1.83890254901175,19.1366,23.63896,3,13.4,2.7,7.67061216895112,Carson Wentz
11760,QB,average,21.2761523809524,15,1.2689380952381,2.80901870105152,16.7816,23.79202,3,11.1,2.9,9.191420152512,Jimmy Garoppolo
7394,QB,average,20.0588571428571,16,0.12602857142857,1.92286051446673,17.3316,22.257,4,19.6,2.3,6.86705789491855,Philip Rivers
10695,QB,average,19.9555714285714,17,0.0489999999999995,1.76410132254088,17.5469,21.949,4,16.2,2.4,6.91562032396387,Andrew Luck
11642,QB,average,19.9100857142857,18,0.213728571428572,1.79117138155321,17.517,21.90912,4,17.1,2.2,6.49735901964657,Blake Bortles
12611,QB,average,19.9030571428571,19,0.477242857142855,2.05682178453393,17.2262,22.546,4,16.2,2,6.34288592565521,Jared Goff
10313,QB,average,19.4896571428571,20,0.71594285714286,1.69315467073969,16.85948,20.8112,4,20.7,2.4,6.83717760736801,Andy Dalton
10697,QB,average,19.3619714285714,21,1.53491428571429,1.83926060299086,16.7296,21.383,4,20.9,1.9,5.8782419528608,Ryan Tannehill
10413,QB,average,18.1854571428571,22,0.872957142857143,1.43410641366472,16.0711,19.48154,5,19.4,3,7.89533346588457,Tyrod Taylor
9064,QB,average,17.4686571428571,23,0.343328571428572,1.45864606954205,15.898,19.60128,5,23.9,2.4,6.57789135106116,Joe Flacco
12620,QB,average,17.1563428571429,24,0.159228571428571,0.992214270253778,15.93436,18.3806,5,24.7,1.7,4.49350707087654,Dak Prescott
13115,QB,average,17.0943142857143,25,0.322314285714288,3.35107182199822,12.63634,20.9656,5,24.5,2.1,7.9979792944777,Mitchell Trubisky
11644,QB,average,16.8999142857143,26,0.374471428571429,1.49499401304742,15.429,19.1196,5,25.1,2,5.72169668648019,Derek Carr
10948,QB,average,16.6440857142857,27,0.887285714285714,3.16040482397882,13.4104,21.355,5,26.8,2.2,8.01126260989259,Case Keenum
7391,QB,average,16.4068,28,2.36161428571429,1.58406597505701,14.4828,18.45032,6,27.9,1.6,4.92379674245786,Eli Manning
13592,QB,average,15.1068,29,2.29012857142857,1.772593363516,12.899,17.42298,6,27.5,1.5,4.90814775111447,Sam Darnold
13589,QB,average,12.9835714285714,30,1.55055238095238,1.65492155590242,11,15.16724,7,31.6,0.7,2.98527690183418,Josh Allen
9817,QB,average,12.6497714285714,31,4.68722619047619,4.16140484360522,6.896,17.00054,7,31.1,0.9,6.20478114167105,Sam Bradford
12141,QB,average,10.2162666666667,32,6.20714142857143,6.88126297889871,0.12,16.35182,7,30.4,1.3,10.1083964643099,Marcus Mariota
10262,QB,average,5.70882380952381,33,3.68211047619048,5.00929156762948,0.37904,12.348,8,32.9,1,7.36634944615252,Blaine Gabbert
13593,QB,average,2.30942666666667,34,0.728643333333334,1.07803519794114,1.1672,3.52384,8,34.2,0.9,2.79562954487891,Lamar Jackson
10696,QB,average,1.744,35,0.334076666666667,1.23319422638934,0.0872000000000001,1.6568,9,NA,NA,5.54034692360571,Robert Griffin III
10702,QB,average,1.41756666666667,36,0.0426631188658673,2.04144371267003,0.0096,3.83552,9,NA,NA,7.32764156772017,Brock Osweiler
6589,QB,average,1.40228,37,0.0741614521992002,1.78484410710478,0.0245,3.8415,9,38.5,2.5,7.16265050747966,Josh McCown
12616,QB,average,1.3475270956016,38,0.0794720956015993,1.94094208161387,0.03,3.9502,9,NA,NA,7.10540074980387,Jacoby Brissett
13125,QB,average,1.30871,39,0.151863333333333,1.55892739407581,0.014,3.322,9,NA,NA,6.26064573715088,C.J. Beathard
12142,QB,average,1.2274,40,0.174773333333333,1.08850162700843,0.0088,2.36344,9,NA,NA,5.22038593098383,Brett Hundley
13590,QB,average,1.08629333333333,41,0.161581666666667,0.446146642558998,0.2615,1.141,9,37.7,2.6,5.90660502100142,Baker Mayfield
12381,QB,average,1.01896,42,0.226168333333333,1.06027315474205,0.011,2.3536,9,NA,NA,5.15796387176868,Trevor Siemian
13114,QB,average,0.830463333333333,43,0.0920033333333334,0.738966093042615,0.012,1.5631,9,36.3,1.9,4.66169278211621,DeShone Kizer
10699,QB,average,0.75512,44,0.07512,0.675132066092751,0.012,1.4155,9,33.7,1.5,3.69473114380327,Nick Foles
11835,QB,average,0.7218,45,0.0892483333333334,0.818784538202817,0.0017,1.28564,9,NA,NA,4.62395634280466,David Fales
13119,QB,average,0.6382,46,0.0135983333333333,0.587479324458884,-0.06205,1.00036,9,NA,NA,4.11246753062779,Joshua Dobbs
13591,QB,average,0.626903333333333,47,0.0753533333333334,0.808006947989929,-0.138,1.69025,9,34.6,1.5,3.84164528899191,Josh Rosen
10698,QB,average,0.6223,48,0.154283333333333,0.585157353196557,0.0088,1.13592,9,NA,NA,4.10733291950661,Brandon Weeden
9899,QB,average,0.4808,49,0.0324666666666667,0.443528317021585,8e-04,0.91008,9,NA,NA,3.79414643179047,Colt McCoy
13601,QB,average,0.455233333333333,50,0.0282833333333334,0.650484750013403,-0.01275,1.10322,9,NA,NA,4.25179240686363,Kyle Lauletta
11441,QB,average,0.441433333333333,51,0.0317166666666666,0.475844882288336,0.0016,0.96992,9,NA,NA,3.86560855456054,Ryan Griffin
9714,QB,average,0.412466666666667,52,0.0118033333333333,0.368296932741323,0.013,0.8372,9,NA,NA,3.62778610311006,Brian Hoyer
9706,QB,average,0.406966666666667,53,0.0235893396976929,0.416075199933858,-0.02775,0.8635,9,NA,NA,3.733438927526,Chase Daniel
9073,QB,average,0.39436,54,0.0285960063643596,0.388286320473265,0,0.7761,9,NA,NA,3.67198894671078,Chad Henne
7480,QB,average,0.372394653937947,55,0.0153671285671434,0.397442829080486,-0.01425,0.838165990453461,10,NA,NA,3.69223687642835,Matt Schaub
13121,QB,average,0.359133333333333,56,0.00465580796252929,0.31770295560476,8e-04,0.65536,10,36.5,1.1,2.40315382106798,Chad Kelly
13124,QB,average,0.354921717408275,57,0.0029250507416082,0.308464771133083,0.001,0.682951288056206,10,NA,NA,3.49547831473114,Cooper Rush
11640,QB,average,0.354033333333333,58,0.0264866666666667,0.335477252085244,-0.00675,0.68745,10,NA,NA,3.55521143346432,Teddy Bridgewater
11643,QB,average,0.34996,59,0.0540266666666667,0.301299124901926,0.002,0.67165,10,NA,NA,3.47963280991121,A.J. McCarron
12623,QB,average,0.305133333333333,60,0.0190551445086706,0.468723338441772,8e-04,0.86336,10,NA,NA,3.84986057402874,Jeff Driskel
12145,QB,average,0.286733333333333,61,0.00980514450867048,0.392461491953882,-0.10875,0.7876,10,NA,NA,3.68122156826171,Sean Mannion
11150,QB,average,0.285423044315992,62,0.0250263776493257,0.32231403458998,-0.01875,0.651737283236994,10,NA,NA,3.52610340614362,Geno Smith
12476,QB,average,0.268433333333333,63,0.0386666666666667,0.414708876201125,-0.0088,0.75712,10,NA,NA,3.73041755463175,Taylor Heinicke
12617,QB,average,0.25236,64,0.0852833333333333,0.271943006283792,-0.0195,0.57205,10,NA,NA,3.4147171688019,Cody Kessler
13127,QB,average,0.207173333333333,65,0.128683333333333,0.174747070552461,0.005,0.3942,10,36,1.7,3.58966811238321,Nathan Peterman
8042,QB,average,0.12698,66,0.10398,0.32819726791469,-0.31425,0.4976,10,NA,NA,3.53911309138291,Matt Cassel
13424,QB,average,0.03,67,0.018,0.0424264068711929,0.003,0.057,10,NA,NA,2.90718354727969,Taysom Hill
11152,QB,average,0.016,68,0.008,0.0113137084989848,0.000800000000000001,0.0152,10,NA,NA,2.83838355407403,Mike Glennon
12618,QB,average,0.008,69,0.002,0.00565685424949238,4e-04,0.0076,10,NA,NA,2.82587446440027,Kevin Hogan
13595,QB,average,0.008,69,0.004,0.00565685424949238,4e-04,0.0076,10,NA,NA,2.82587446440027,Mason Rudolph
11001,QB,average,0.004,70,0.002,NA,0.004,0.004,10,NA,NA,NA,Austin Davis
13599,QB,average,0.004,70,0.004,NA,0.004,0.004,10,NA,NA,NA,Tanner Lee
12140,QB,average,0,71,0,NA,0,0,10,NA,NA,NA,Jameis Winston
12144,QB,average,0,71,0,NA,0,0,10,NA,NA,NA,Bryce Petty
13117,QB,average,0,71,0,NA,0,0,10,NA,NA,NA,Brad Kaaya
13389,QB,average,0,71,0,NA,0,0,10,NA,NA,NA,Kyle Sloter
13594,QB,average,0,71,0,NA,0,0,10,NA,NA,NA,Luke Falk
13598,QB,average,0,71,0,NA,0,0,10,NA,NA,NA,Mike White
13873,QB,average,0,71,0,NA,0,0,10,NA,NA,NA,Tim Boyle
8712,QB,average,0,71,0.002,NA,0,0,10,NA,NA,NA,Drew Stanton
9992,QB,average,0,71,0.008,0,0,0,10,NA,NA,2.81336537472651,Joe Webb
11151,QB,average,-0.004,72,NA,NA,-0.004,-0.004,10,NA,NA,NA,Matt Barkley
12815,QB,average,-0.012,73,NA,0.00848528137423857,-0.0114,-0.000600000000000001,10,NA,NA,2.83212900923715,Nate Sudfeld
12150,RB,average,21.1098571428571,1,1.83764285714286,1.26990706446612,19.315,22.5155,1,1.9,0.4,1.38503840350509,Todd Gurley
13132,RB,average,20.6524285714286,2,3.30142857142857,3.31285287069274,18.583,25.648,1,1.2,0.5,1.45544830312842,Alvin Kamara
12625,RB,average,17.892,3,1.35342857142857,2.24793569853808,14.5057,19.844,2,3.7,1.4,2.08913739973847,Ezekiel Elliott
13130,RB,average,16.81,4,0.581928571428573,1.59070219594696,15.181,19.101,2,7.6,1.8,2.37077699823183,Christian McCaffrey
13604,RB,average,16.2671428571429,5,0.163857142857143,1.88824172433611,13.635,18.4529,2,6.6,1.7,2.30036709860849,Saquon Barkley
13146,RB,average,16.189,6,0.282642857142857,1.85248786385074,14.8739,19.172,2,5.4,2.1,2.58200669710184,James Conner
12171,RB,average,16.0175714285714,7,0.529,2.02819315554275,13.9059,18.613,2,10.2,2.4,2.79323639597186,David Johnson
12151,RB,average,15.7951428571429,8,1.24578571428571,2.24969204241698,12.999,18.6664,2,5.2,2.2,2.65241659672518,Melvin Gordon
13138,RB,average,15.182,9,1.31835714285714,1.97017382602701,12.4442,17.1895,3,7.2,2.2,2.65241659672518,Kareem Hunt
12634,RB,average,13.9167142857143,10,0.274547619047619,2.10001967110968,11.865,16.95,3,12.5,2.6,2.93405619521854,Jordan Howard
12152,RB,average,13.8105714285714,11,0.356333333333332,1.87669912853596,11.048,15.1776,3,9.5,2.5,2.8636462955952,Tevin Coleman
13129,RB,average,13.4737619047619,12,0.181857142857144,2.11859260336848,10.9464,16.098,3,16.1,5.4,4.90553338467202,Leonard Fournette
11390,RB,average,13.4347142857143,13,0.325880952380952,1.54926116031389,11.999,15.804,3,24.7,11.8,9.4117669605657,Latavius Murray
11193,RB,average,13.1490952380952,14,0.184452380952381,2.7945516464653,9.699,16.544,3,13.5,3.8,3.7789749906986,Giovani Bernard
10708,RB,average,13.0685714285714,15,0.350214285714285,1.45125930537191,11.612,15.014,4,15,2.5,2.8636462955952,Lamar Miller
12630,RB,average,12.8607142857143,16,0.520928571428572,1.54505316598306,11.673,15.334,4,13.1,3,3.21569579371189,Kenyan Drake
13136,RB,average,12.576,17,0.569142857142857,1.54996305639537,11.005,14.787,4,24.2,9.4,7.72192936960557,Corey Clement
11657,RB,average,12.1035714285714,18,0.41057142857143,2.06194285404163,9.379,14.452,4,19.5,3.1,3.28610569333523,Carlos Hyde
11186,RB,average,11.9101428571429,19,0.444571428571427,2.26864353219947,10.609,15.524,4,15.9,3.8,3.7789749906986,Chris Thompson
8670,RB,average,11.4758571428571,20,0.168142857142856,1.77553550607509,9.678,14.1618,5,22.4,3.5,3.56774529182858,Marshawn Lynch
13378,RB,average,11.4552857142857,21,0.600714285714286,1.19252433338456,9.8888,12.9408,5,20,4.1,3.99020468956862,Matt Breida
12628,RB,average,11.1601428571429,22,0.713742857142856,2.1268957594176,8.361,13.8181,5,21,3.6,3.63815519145192,Alex Collins
10389,RB,average,10.549,23,0.312957142857142,3.18774485894249,8.325,15.5146,5,23.1,2.8,3.07487599446521,Dion Lewis
13614,RB,average,10.3438,24,0.396942857142855,1.02051859365717,9.0052,11.282,5,22.9,4,3.91979478994528,Phillip Lindsay
8658,RB,average,10.1282857142857,25,0.363880952380953,1.49972961055048,8.07,11.697,5,26,4.3,4.13102448881529,Adrian Peterson
12637,RB,average,9.76542857142857,26,0.0623095238095246,1.3710453432813,7.98,11.379,6,28.4,4,3.91979478994528,Peyton Barber
11747,RB,average,9.76338095238095,27,0.131809523809522,0.778373242578331,8.6287,10.5206,6,25.2,3.7,3.70856509107526,James White
13139,RB,average,9.64285714285714,28,0.0970952380952355,1.9221782286919,6.8868,11.7962,6,29.4,4,3.91979478994528,Jamaal Williams
11668,RB,average,9.62028571428572,29,0.223666666666668,2.0018638576991,7.7404,12.69,6,30.1,4.5,4.27184428806197,Isaiah Crowell
13789,RB,average,9.4712380952381,30,0.406476190476191,1.91090819843789,7.114,11.9097,6,43.8,6.9,5.9616818790221,Jordan Wilkins
11182,RB,average,9.322,31,0.643880952380952,1.64180023145327,6.906,10.855,6,29.4,3.7,3.70856509107526,Rex Burkhead
10369,RB,average,8.80752380952381,32,0.556738095238096,0.623639547907512,8.2536,9.764,6,31.1,4.2,4.06061458919196,Bilal Powell
9448,RB,average,8.54871428571429,33,0.612797619047619,1.96048199855716,6.258,11.1797,6,35.3,6,5.32799278241205,LeSean McCoy
13607,RB,average,7.95285714285714,34,0.0435119047619041,1.93586079044956,5.1753,10.1257,7,33,5.5,4.97594328429536,Sony Michel
10870,RB,average,7.91897619047619,35,0.0293333333333337,1.64811587953668,5.277,9.3359,7,41.1,4.4,4.20143438843863,Alfred Morris
12626,RB,average,7.89971428571429,36,0.105642857142858,1.74529976958524,5.839,9.9486,7,40.2,5.6,5.0463531839187,Derrick Henry
11188,RB,average,7.87957142857143,37,0.175285714285714,1.47167135306378,6.303,10.0056,7,40.3,4.5,4.27184428806197,Theo Riddick
13612,RB,average,7.70857142857143,38,0.131809523809524,1.09757921939928,6.2851,8.98,7,35.3,4.1,3.99020468956862,Kerryon Johnson
13617,RB,average,7.7,39,0.271666666666667,1.01775897605147,6.522,9.135,7,36.3,6.4,5.60963238090541,Royce Freeman
12159,RB,average,7.45352380952381,40,0.0817380952380953,1.40496031125099,5.8887,9.3181,7,37.3,4.4,4.20143438843863,Javorius Allen
13404,RB,average,7.40314285714286,41,0.0920714285714279,1.4065583122339,5.846,9.119,7,36.6,4.9,4.55348388655533,Austin Ekeler
13364,RB,average,7.34042857142857,42,0.261214285714286,1.23483964642416,6.269,9.165,7,39.4,4.6,4.34225418768531,Chris Carson
13290,RB,average,7.28171428571429,43,0.414714285714285,3.15317215182546,4.381,12.213,7,42.7,4.3,4.13102448881529,Tarik Cohen
13608,RB,average,6.87671428571429,44,0.171714285714285,2.21022576954956,4.185,9.322,7,45.5,4.7,4.41266408730865,Rashaad Penny
12157,RB,average,6.85728571428572,45,0.40647619047619,1.18179812553744,5.776,8.6945,7,42.7,5.5,4.97594328429536,Duke Johnson
7877,RB,average,6.55271428571429,46,0.269345238095238,1.49873306813582,4.764,8.3176,7,50.1,2.9,3.14528589408855,Frank Gore
13622,RB,average,6.34890476190476,47,0.223416666666667,2.18952748762093,3.181,8.6965,7,51.7,7,6.03209177864544,Nyheim Hines
13768,RB,average,6.21783333333333,48,0.507119047619049,2.43726786928862,2.939,8.7425,7,50.6,4.3,4.13102448881529,Ito Smith
12153,RB,average,6.03314285714286,49,0.646500000000001,1.64792404760252,4.031,8.1975,8,42.1,6.7,5.82086207977542,T.J. Yeldon
11454,RB,average,5.38828571428571,50,0.044999999999999,1.68087665619264,3.65,7.795,9,57.7,4,3.91979478994528,C.J. Anderson
11213,RB,average,5.385,51,0.24127380952381,1.8031222920257,4.3375,6.6325,9,95.8,7.3,6.24332147751546,Tavon Austin
12636,RB,average,5.30157142857143,52,0.338702380952381,1.70386574476702,3.679,7.7782,9,60.9,12,9.55258675981237,Wendell Smallwood
9898,RB,average,4.98588095238095,53,0.0481326530612245,1.61611220732555,2.653,6.5446,9,55.7,4.4,4.20143438843863,LeGarrette Blount
12261,RB,average,4.93985714285714,54,0.121108843537415,0.949921726098675,3.979,6.292,9,50.2,4.4,4.20143438843863,Ty Montgomery
11180,RB,average,4.93563945578231,55,0.239068027210884,1.53887720597507,3.258,7.1825,9,64,4.5,4.27184428806197,Mike Gillislee
13319,RB,average,4.70185714285714,56,0.0394285714285711,1.04593783389882,3.5223,6.1048,9,49,7,6.03209177864544,Aaron Jones
11834,RB,average,4.69128571428571,57,0.2995,1.21901496143012,2.961,5.873,9,66.9,5,4.62389378617867,Alfred Blue
12912,RB,average,4.63357142857143,58,0.517321428571428,1.29355219674905,2.8243,6.1,9,54.1,4.7,4.41266408730865,Jalen Richard
11927,RB,average,4.15,59,0.0925357142857148,NA,4.15,4.15,10,NA,NA,NA,Ryan Hewitt
10709,RB,average,4.0825,60,0.103359614112003,1.45139492836899,2.043,5.804,11,64.6,4.2,4.06061458919196,Doug Martin
10077,RB,average,4.03242857142857,61,0.120288185540574,2.35884936639314,1.7955,7.7054,11,58.4,8,6.73619077487883,Chris Ivory
11367,RB,average,3.92585220034742,62,0.0542331527283748,2.25496301677423,0.3472,5.15192704111175,9,60.3,5,4.62389378617867,Kyle Juszczyk
13726,RB,average,3.89842857142857,63,0.0830952380952379,1.37684323207629,2.3,5.8175,11,61.6,5.6,5.0463531839187,Chase Edmonds
10300,RB,average,3.84480952380952,64,0.128119047619048,1.3288637645605,2.474,5.7586,11,61.3,5.1,4.694303685802,Jacquizz Rodgers
12367,RB,average,3.78585714285714,65,0.232428571428572,1.97847785407055,1.604,6.7293,11,59,7.2,6.17291157789212,Marcus Murphy
12402,RB,average,3.64752380952381,66,0.217065476190477,1.87294010022948,1.871,6.2431,11,57.8,8.3,6.94742047374884,Corey Grant
13616,RB,average,3.45933333333333,67,0.139970238095238,0.850284756223859,2.1775,4.09,11,62.5,4.4,4.20143438843863,Mark Walton
13868,RB,average,3.40158333333333,68,0.167845238095238,0.609444760964164,2.57325,3.812,11,NA,NA,NA,Mike Boone
13135,RB,average,3.23714285714286,69,0.00811904761904758,1.00416928472293,2.304,4.523,11,71.5,3.5,3.56774529182858,Wayne Gallman
13611,RB,average,3.23033333333333,70,0.0644047619047612,2.58393440319216,1.1271,5.7081,11,75.2,7.5,6.38414127676213,Josh Adams
11199,RB,average,3.22771428571429,71,0.154452380952381,1.18638442336369,2.12,5.022,11,66.4,4.2,4.06061458919196,Spencer Ware
12629,RB,average,3.10414285714286,72,0.109821428571429,1.26990638950091,2.0463,5.0994,11,61.6,6.1,5.39840268203539,Devontae Booker
12627,RB,average,3.04238095238095,73,0.190916666666666,1.1885600131091,1.4329,4.2901,11,68.5,3.8,3.7789749906986,C.J. Prosise
13610,RB,average,2.94626190476191,74,0.321761904761905,1.45463408915553,1.3,5.0125,11,68.8,5.3,4.83512348504868,Nick Chubb
12444,RB,average,2.75666666666667,75,0.349,1.16233140098437,1.58,4.468,11,74.2,2.6,2.93405619521854,Rod Smith
12386,RB,average,2.49233333333333,76,0.362214285714286,0.633909149266525,1.599,3.154,12,71.4,4,3.91979478994528,Malcolm Brown
12155,RB,average,2.323,77,0.386738095238095,2.01713394035531,0.6045,4.7173,12,88.1,5.9,5.25758288278871,Ameer Abdullah
13133,RB,average,1.9372380952381,78,0.00634523809523801,1.44052234243264,0.6989,4.1318,12,84.9,6.3,5.53922248128207,Samaje Perine
9101,RB,average,1.93528571428571,79,0.0550357142857145,1.52167099566484,0.503,4.206,12,76.2,3,3.21569579371189,Jonathan Stewart
10378,RB,average,1.9265,80,0.0932499999999998,2.14020400896737,0.09,4.4684,12,90.2,5.8,5.18717298316538,Anthony Sherman
12164,RB,average,1.834,81,0.103883333333333,1.18513419774584,0.4425,3.272,12,90.6,9.3,7.65151946998223,Mike Davis
10334,RB,average,1.8325,82,0.2143,1.1884356464337,0.4558,3.463,12,78.1,3.3,3.42692549258191,Stevan Ridley
12635,RB,average,1.62773333333333,83,0.0984000000000003,1.06891366661048,0.5291,3.135,13,81.3,5,4.62389378617867,Jonathan Williams
11179,RB,average,1.60866666666667,84,0.170666666666667,1.1040417866488,0.5395,2.9065,13,81.3,6.6,5.75045218015208,Christine Michael
12857,RB,average,1.45,85,0.0725416666666665,1.48708887876056,0.567,2.916,13,88.2,8.4,7.01783037337218,DeAndre Washington
13606,RB,average,1.426,86,0.115541666666667,1.16890940624156,0.0708,2.584,13,73.3,12.6,9.97504615755241,Ronald Jones
13239,RB,average,1.32891666666667,87,0.0440833333333335,0.952894537711283,0.032,2.1252,13,NA,NA,NA,Elijhaa Penny
13628,RB,average,1.292,88,0.0450833333333331,1.02517835846582,0.027,1.9544,13,89.2,11.4,9.13012736207234,Roc Thomas
12169,RB,average,1.27766666666667,89,0.0735833333333333,0.966506837361571,0.3975,2.65025,13,84.7,9.1,7.51069967073555,Thomas Rawls
11886,RB,average,1.21616666666667,90,0.0352500000000002,0.949722433135071,0.2985,2.56725,13,87.3,6.2,5.46881258165873,Damien Williams
11659,RB,average,1.192,91,0.024358333333333,NA,1.192,1.192,13,116.7,4.3,4.13102448881529,De'Anthony Thomas
13874,RB,average,1.16983333333333,92,0.0415083333333335,0.82029445932543,0.0680000000000001,1.5377,13,NA,NA,NA,Shaun Wilson
11432,RB,average,1.16545,93,0.13665,0.801296948702539,0.392,2.1524,13,106,8.5,7.08824027299552,Benny Cunningham
13613,RB,average,1.0912,94,0.125375,0.970736421486286,0.316,2.2572,13,50.6,21.2,16.0302975251595,Jaylen Samuels
13240,RB,average,0.9664,95,0.01305,0.644413531825644,0.394,1.7804,13,94.8,9,7.44028977111221,Brian Hill
13816,RB,average,0.96525,96,0.0460250000000001,0.757449140206786,0.058,1.7648,13,87.9,7.7,6.52496107600881,Trenton Cannon
12161,RB,average,0.94145,97,0.046075,0.695855013634306,0.078,1.4864,13,101.6,9.1,7.51069967073555,Cameron Artis-Payne
11101,RB,average,0.897,98,0.0165,0.53627120004714,0.0708,1.2272,14,83.3,7.4,6.3137313771388,James Develin
13621,RB,average,0.89375,99,0.03125,0.953601725040386,0.2565,2.05425,14,83.7,7.6,6.45455117638547,Kalen Ballage
12639,RB,average,0.86725,100,0.0120749999999999,0.505229848682755,0.026,1.034,14,81.5,4.6,4.34225418768531,Tyler Ervin
10368,RB,average,0.85775,101,0.0312,1.03931212828486,0.006,2.0562,14,77.8,6.3,5.53922248128207,Taiwan Jones
12447,RB,average,0.8526,102,0.0768083333333334,0.855720281400412,0.0625,2.01175,14,93,7.7,6.52496107600881,Raheem Mostert
10932,RB,average,0.8005,103,0.0756250000000001,0.632734778560496,0.028,1.3396,14,NA,NA,NA,Brandon Bolden
12806,RB,average,0.751083333333333,104,0.06675,0.649072261000268,0.036,1.4308,14,93,7.6,6.45455117638547,Andy Janovich
12867,RB,average,0.698666666666667,105,0.0386666666666666,0.4654306249772,0.0405,0.9271,14,94,4.8,4.48307398693199,Brandon Wilds
11175,RB,average,0.67,106,0.031,NA,0.67,0.67,14,NA,NA,NA,Andre Ellington
11977,RB,average,0.65,107,0.03825,NA,0.65,0.65,14,NA,NA,NA,Orleans Darkwa
11894,RB,average,0.628,108,0.0335,0.444063058585152,0.0314,0.5966,14,NA,NA,NA,David Fluellen
12040,RB,average,0.5955,109,0.013375,0.499704712805473,0.04,1.1326,14,90.6,9.6,7.86274916885225,Keith Smith
10985,RB,average,0.5935,110,0.0347499999999999,0.441902138487697,0.0275,1.05575,14,93,3,3.21569579371189,Jamize Olawale
13150,RB,average,0.57075,111,0.0267641402714932,0.403296417043345,8e-04,0.8488,14,108.5,7.5,6.38414127676213,Justin Davis
4397,RB,average,0.54675,112,0.0118891402714933,0.500278722313872,0.03,1.1164,14,104,6,5.32799278241205,Roosevelt Nix
11100,RB,average,0.541221719457014,113,0.0451315132714466,0.308384774990747,0.0345,0.627416515837104,14,91.9,7.1,6.10250167826878,Patrick DiMarco
11474,RB,average,0.5285,114,0.0896597938144329,0.325606664550958,0.03,0.707,14,92.3,7.1,6.10250167826878,Zach Line
12823,RB,average,0.463680412371134,115,0.056680412371134,0.392975203214099,0.038,0.9,14,91.7,6.2,5.46881258165873,Derek Watt
13464,RB,average,0.414,116,0.0165,0.302641702347842,0.2214,0.6066,14,NA,NA,NA,Shane Smith
13619,RB,average,0.4,117,0.0125,0.280475786239502,0.033,0.577,14,83.4,6.5,5.68004228052875,John Kelly
13326,RB,average,0.395,118,0.015,0.236595294402347,0.0332,0.4454,14,90.9,5.8,5.18717298316538,Alexander Armah
10961,RB,average,0.38,119,0.00675000000000003,NA,0.38,0.38,14,NA,NA,NA,Lance Dunbar
13830,RB,average,0.38,119,0.0189166666666667,NA,0.38,0.38,14,NA,NA,NA,David Williams
13142,RB,average,0.3665,120,0.0115,0.3527166001197,0.091,0.7941,14,107,7,6.03209177864544,T.J. Logan
12325,RB,average,0.355666666666667,121,0.00675000000000003,0.25504689111351,0.021,0.54995,15,95.4,7.4,6.3137313771388,Michael Burton
11964,RB,average,0.354333333333333,122,0.0240833333333333,0.295170430994253,0.00899999999999999,0.59705,14,107,7.3,6.24332147751546,Senorise Perry
13891,RB,average,0.3435,123,0.03,0.306354369970464,0.011,0.5303,15,NA,NA,NA,Detrez Newsome
10514,RB,average,0.317,124,0.00699999999999995,NA,0.317,0.317,15,NA,NA,NA,Nick Bellore
13850,RB,average,0.31,125,0.015,NA,0.31,0.31,15,NA,NA,NA,Gus Edwards
13875,RB,average,0.31,125,0.0437500000000001,NA,0.31,0.31,15,NA,NA,NA,Mark Thompson
11201,RB,average,0.28,126,0.0279166666666667,NA,0.28,0.28,15,NA,NA,NA,Eddie Lacy
11524,RB,average,0.2525,127,0.00666666666666665,0.188700821407857,0.008,0.4124,15,89.7,8.5,7.08824027299552,Derrick Coleman
12923,RB,average,0.251666666666667,128,0.0166666666666667,0.171217941038121,0.015,0.36565,15,85.4,11.9,9.48217686018904,C.J. Ham
11851,RB,average,0.24,129,0.015,NA,0.24,0.24,15,NA,NA,NA,Jay Prosch
12009,RB,average,0.23,130,0.015,NA,0.23,0.23,15,NA,NA,NA,Fitzgerald Toussaint
13437,RB,average,0.22,131,0.025,NA,0.22,0.22,15,NA,NA,NA,Tion Green
11941,RB,average,0.21,132,0.035,NA,0.21,0.21,15,NA,NA,NA,Branden Oliver
12846,RB,average,0.18,133,0.0135,0.127279220613579,0.00900000000000001,0.171,15,NA,NA,NA,Daniel Lasco
13452,RB,average,0.17,134,0.0135,NA,0.17,0.17,15,90,4.7,4.41266408730865,Trey Edmunds
13455,RB,average,0.163,135,0.0156666666666667,NA,0.163,0.163,15,NA,NA,NA,Patrick Ricard
9822,RB,average,0.15,136,0.00766666666666671,NA,0.15,0.15,15,NA,NA,NA,C.J. Spiller
11408,RB,average,0.144666666666667,137,0.00966666666666666,0.0768201362491198,0.0165,0.1745,15,88.5,5.9,5.25758288278871,Tommy Bohanon
13896,RB,average,0.14,138,0.015,NA,0.14,0.14,15,NA,NA,NA,Robert Martin
13358,RB,average,0.13,139,0.01,NA,0.13,0.13,15,NA,NA,NA,Marquez Williams
11895,RB,average,0.12,140,0.000500000000000014,NA,0.12,0.12,15,NA,NA,NA,Kapri Bibbs
13140,RB,average,0.12,140,0.0305,NA,0.12,0.12,15,NA,NA,NA,Matthew Dayes
12644,RB,average,0.119,141,0.084,0.0749688824335359,0.00890000000000001,0.143,15,91.4,7.3,6.24332147751546,Tre Madden
12294,RB,average,0.06,142,0.055,NA,0.06,0.06,15,NA,NA,NA,Jalston Fowler
13623,RB,average,0.01,143,0.01,0.00707106781186548,0.000500000000000001,0.0095,16,NA,NA,NA,Darrel Williams
10276,RB,average,0,144,0,NA,0,0,16,NA,NA,NA,Mark Ingram
10714,RB,average,0,144,0,NA,0,0,16,NA,NA,NA,Robert Turbin
11192,RB,average,0,144,0,NA,0,0,16,NA,NA,NA,Le'Veon Bell
11342,RB,average,0,144,0,NA,0,0,16,NA,NA,NA,Fozzy Whittaker
11654,RB,average,0,144,0,NA,0,0,16,NA,NA,NA,Jeremy Hill
11660,RB,average,0,144,0,NA,0,0,16,NA,NA,NA,Devonta Freeman
11761,RB,average,0,144,0,NA,0,0,16,NA,NA,NA,Jerick McKinnon
12154,RB,average,0,144,0,NA,0,0,16,NA,NA,NA,Jay Ajayi
12631,RB,average,0,144,0,NA,0,0,16,80.4,3.2,3.35651559295857,Paul Perkins
12632,RB,average,0,144,0,NA,0,0,16,NA,NA,NA,Kenneth Dixon
12822,RB,average,0,144,0,NA,0,0,16,NA,NA,NA,Dan Vitale
12864,RB,average,0,144,0,NA,0,0,16,80.7,1.2,1.94831760049179,Byron Marshall
12871,RB,average,0,144,0,NA,0,0,16,NA,NA,NA,D.J. Foster
12887,RB,average,0,144,0,NA,0,0,16,NA,NA,NA,Rob Kelley
13057,RB,average,0,144,0,NA,0,0,16,89.1,2.4,2.79323639597186,Tra Carson
13108,RB,average,0,144,0,NA,0,0,16,NA,NA,NA,J.D. McKissic
13128,RB,average,0,144,0,NA,0,0,16,NA,NA,NA,Dalvin Cook
13131,RB,average,0,144,0,NA,0,0,16,NA,NA,NA,Joe Mixon
13134,RB,average,0,144,0,NA,0,0,16,NA,NA,NA,D'Onta Foreman
13141,RB,average,0,144,0,NA,0,0,16,NA,NA,NA,Elijah Hood
13144,RB,average,0,144,0,NA,0,0,16,NA,NA,NA,Elijah McGuire
13234,RB,average,0,144,0,NA,0,0,16,NA,NA,NA,Marlon Mack
13605,RB,average,0,144,0,NA,0,0,16,NA,NA,NA,Derrius Guice
13725,RB,average,0,144,0,NA,0,0,16,NA,NA,NA,Chris Warren
13838,RB,average,0,144,0.001,NA,0,0,16,NA,NA,NA,Nick Bawden
7942,RB,average,0,144,NA,NA,0,0,16,NA,NA,NA,Darren Sproles
12832,RB,average,-0.002,145,NA,0.0014142135623731,-0.0019,-1e-04,17,NA,NA,NA,Darius Jackson
13338,RB,average,NA,NA,NA,NA,0,0,17,NA,NA,NA,Brandon Wilson
9902,TE,average,14.6468095238095,1,1.49567261904762,2.52909060448895,10.848,17.084,1,1.3,0.8,2.63333498668533,Rob Gronkowski
11247,TE,average,13.3432380952381,2,1.82914880952381,1.77526362898048,11.816,15.996,1,2.8,0.5,2.4690783055993,Zach Ertz
11244,TE,average,12.9590357142857,3,2.93929761904762,1.44025835975951,11.727,15.136,1,2.1,0.6,2.52383053262798,Travis Kelce
9925,TE,average,10.0691428571429,4,0.115142857142857,2.06105997925709,8.1369,13.0973,2,5.2,1.6,3.07135280291477,Jimmy Graham
11248,TE,average,9.97033333333333,5,0.475285714285713,1.77407068898728,8.8043,12.788,2,5.6,1.4,2.96184834885741,Jordan Reed
11695,TE,average,9.93766666666667,6,1.16952380952381,2.25011569014742,7.9077,12.865,2,11.3,3.6,4.16639734348836,Eric Ebron
13299,TE,average,9.05242857142857,7,0.670357142857144,2.36978704086414,6.837,12.4694,2,5.1,1.2,2.85234389480005,George Kittle
10312,TE,average,8.48385714285714,8,0.480809523809524,1.25608262922014,6.5889,9.6194,2,8,1.8,3.18085725697213,Kyle Rudolph
13189,TE,average,8.28028571428571,9,0.578809523809523,1.06712180765878,6.77,9.4878,3,8.3,1.8,3.18085725697213,Evan Engram
9474,TE,average,7.72580952380952,10,0.0892380952380956,1.07171364778897,6.353,9.0318,3,10,2.1,3.34511393805817,Jared Cook
13188,TE,average,7.67714285714286,11,0.490392857142857,1.27084360807712,6.2727,9.454,3,11.6,2.3,3.45461839211552,O.J. Howard
11705,TE,average,7.596,12,1.08117857142857,2.34537079005797,4.9248,10.875,3,10,1.9,3.23560948400081,Trey Burton
13763,TE,average,6.7775,13,0.547285714285715,1.63723674728692,4.37875,7.82,4,18.7,3,3.83788398131628,Will Dissly
7422,TE,average,6.25214285714286,14,0.133642857142857,1.01403465705778,5.045,7.4642,4,16.1,1.8,3.18085725697213,Ben Watson
11697,TE,average,6.20828571428571,15,0.265285714285714,1.20399954516682,4.489,7.548,4,15.4,2,3.29036171102949,Austin Seferian-Jenkins
11250,TE,average,6.02871428571429,16,0.199261904761904,1.07133288144122,4.923,7.385,4,17.9,2.2,3.39986616508685,Tyler Eifert
12677,TE,average,5.85728571428572,17,0.224833333333334,1.2265385867399,4.5444,7.376,4,17.5,3.2,3.94738843537364,Austin Hooper
13192,TE,average,5.80161904761905,18,0.366976190476192,0.751752112132209,4.6962,6.578,4,13,2.3,3.45461839211552,David Njoku
12211,TE,average,5.46328571428571,19,0.101,1.25518663002379,3.576,6.5123,4,17.1,3.3,4.00214066240232,Jesse James
13382,TE,average,5.406,20,0.378142857142858,0.888998687663073,4.7038,6.767,5,20.2,2.8,3.72837952725892,Ricky Seals-Jones
10409,TE,average,5.31857142857143,21,0.582833333333334,0.70232955905601,4.512,6.1949,5,23,2.9,3.7831317542876,Charles Clay
13190,TE,average,4.73714285714286,22,0.170619047619047,1.55176484779658,2.583,6.36,5,24.4,3.3,4.00214066240232,Jake Butt
13678,TE,average,4.73433333333333,23,0.533333333333332,0.982557207834061,3.5915,5.965,5,26.4,4,4.38540625160307,Ian Thomas
11257,TE,average,4.39871428571429,24,0.477642857142857,1.1267478063203,2.8272,5.688,5,24.9,3.3,4.00214066240232,Vance McDonald
12328,TE,average,4.00328571428571,25,0.165178571428571,1.70134872268753,2.3559,6.462,6,27.7,3.3,4.00214066240232,Nick Boyle
12680,TE,average,3.83885714285714,26,0.0255714285714284,0.606407375253554,2.9872,4.407,6,31.7,3.4,4.056892889431,Nick Vannett
7236,TE,average,3.83735714285714,27,0.112392857142857,0.64104204601719,3.2258,4.77,6,28.2,3.8,4.27590179754572,Antonio Gates
13193,TE,average,3.78921428571429,28,0.162657142857143,0.571715671924261,3.017,4.4903,6,24.8,3.6,4.16639734348836,Jonnu Smith
12110,TE,average,3.66071428571429,29,0.0700857142857143,1.65998701945585,1.923,5.982,6,30.2,3.9,4.33065402457439,Cameron Brate
13679,TE,average,3.5924,30,0.0357571428571428,0.359675965279861,3.1044,3.906,6,37.8,7.8,6.46599087869289,Chris Herndon
10432,TE,average,3.58885714285714,31,0.0717619047619045,0.623574068613841,2.8649,4.434,6,34.6,4.3,4.54966293268911,Virgil Green
11399,TE,average,3.52442857142857,32,0.082761904761905,1.08140017261573,2.2374,5.0369,6,28.2,3.3,4.00214066240232,Ryan Griffin
8247,TE,average,3.50976190476191,33,0.147626190476191,1.19068277731328,2.559,5.426,6,33.6,3.5,4.11164511645968,Vernon Davis
13674,TE,average,3.37357142857143,34,0.0662214285714282,1.7488244350883,1.332,5.578,6,33.7,5.7,5.31619411109062,Dallas Goedert
13671,TE,average,3.3507,35,0.135271428571428,1.23461257080916,1.972,4.774,6,25.6,4.8,4.82342406783251,Mark Andrews
13672,TE,average,3.264,36,0.144714285714286,0.851783898370831,2.3918,4.383,6,27.2,5.7,5.31619411109062,Mike Gesicki
12678,TE,average,3.16685714285714,37,0.172083333333334,0.776621713393519,1.9539,3.74,6,36.7,2.9,3.7831317542876,Tyler Higbee
11007,TE,average,3.07171428571429,38,0.243011904761905,1.13450251316643,1.965,4.683,6,37.9,4.5,4.65916738674647,Garrett Celek
12351,TE,average,2.91783333333333,39,0.179547619047619,0.832102317426569,1.9925,4.05275,6,41.3,6.2,5.58995524623402,A.J. Derby
12378,TE,average,2.73957142857143,40,0.00364285714285728,1.07479160770821,1.7613,4.4006,6,42.5,4.7,4.76867184080383,Geoff Swaim
13065,TE,average,2.737,41,0.0213214285714285,0.909685751601435,1.48025,3.7,6,44.1,6.6,5.80896415434874,Eric Tomlinson
12212,TE,average,2.73485714285714,42,0.0595892857142863,0.692540423437678,1.9069,3.531,6,50.2,6,5.48045079217666,Tyler Kroft
10838,TE,average,2.6965,43,0.0483392857142859,0.365885455664292,2.185,3.0775,7,59.7,5,4.93292852188987,Rhett Ellison
12206,TE,average,2.65403571428571,44,0.0457499999999995,0.347545680450786,2.2528,3.112,7,37.8,5.1,4.98768074891855,Maxx Williams
12208,TE,average,2.64228571428571,45,0.139392857142857,0.869667889539011,1.683,3.929,7,38.5,6.1,5.53520301920534,Jeff Heuerman
11381,TE,average,2.57428571428571,46,0.197392857142858,0.623366894945734,1.728,3.343,7,40.3,7.2,6.13747751652081,Luke Willson
13753,TE,average,2.4315,47,0.139607142857143,0.809259023222272,1.57975,3.5375,7,37.3,5,4.93292852188987,Jordan Akins
11448,TE,average,2.32228571428571,48,0.0948690476190479,0.674788326599005,1.608,3.319,7,60.4,7.8,6.46599087869289,Demetrius Harris
10354,TE,average,2.2615,49,0.0881666666666665,0.822798071623085,1.38975,3.095,7,43.9,4,4.38540625160307,Luke Stocker
11529,TE,average,2.19333333333333,50,0.0650666666666666,0.683798118355605,1.642,3.1475,7,48.6,6.8,5.9184686084061,Josh Hill
11337,TE,average,2.15333333333333,51,0.0609833333333332,0.388323447656718,1.66325,2.6065,8,51.6,6.3,5.6447074732627,Darren Fells
13675,TE,average,2.1032,52,0.0426166666666665,0.732277269891672,1.19,2.758,8,48,7,6.02797306246346,Tyler Conklin
12685,TE,average,2.0815,53,0.128214285714286,1.56455143731358,0.1356,3.3368,8,47.4,10.2,7.78004432738119,Joshua Perkins
9838,TE,average,2.03966666666667,54,0.177880952380952,1.19492688758211,0.606,3.2685,8,57.2,9.2,7.2325220570944,Jermaine Gresham
13236,TE,average,1.86690476190476,55,0.0424047619047621,0.841072869273865,0.7855,2.856,8,43.7,5.5,5.20668965703326,Gerald Everett
13197,TE,average,1.85666666666667,56,0.0823333333333331,1.14328544117381,0.801,3.48,8,52.3,8.8,7.01351314897968,Michael Roberts
11249,TE,average,1.79233333333333,57,0.0558333333333336,0.768006944413048,0.64,2.33,8,52.5,4,4.38540625160307,Dion Sims
13890,TE,average,1.75633333333333,58,0.0570000000000004,1.14641455561823,0.6507,2.6757,8,NA,NA,NA,Jason Croom
12317,TE,average,1.71666666666667,59,0.0619166666666666,1.14862398837333,0.35225,2.99325,8,45,6,5.48045079217666,C.J. Uzomah
11904,TE,average,1.682,60,0.167535714285714,1.1589219128138,0.679,2.758,8,41,2.2,3.39986616508685,Erik Swoope
10940,TE,average,1.6275,61,0.233285714285714,0.805996277907039,0.725,2.63,8,58.8,9.3,7.28727428412308,Derek Carrier
10318,TE,average,1.40142857142857,62,0.0351785714285715,0.330919138446957,0.9151,1.7565,9,54.6,2.2,3.39986616508685,Lance Kendricks
11927,TE,average,1.387,63,0.0758928571428572,1.26784245866748,0.57665,2.19035,8,NA,NA,NA,Ryan Hewitt
10394,TE,average,1.3455,64,0.095892857142857,0.916068210706314,0.3725,2.584,9,61,4.5,4.65916738674647,Niles Paul
10742,TE,average,1.27671428571429,65,0.0554642857142857,0.518934944083048,0.689,1.9857,9,61.3,12.4,8.98459332201214,Dwayne Allen
12874,TE,average,1.2225,66,0.0130833333333333,0.95440644730988,0.452,2.3605,9,60.2,9.2,7.2325220570944,Hakeem Valles
11647,TE,average,1.22,67,0.0217499999999999,0.545341636041115,0.725,1.9775,9,63.7,6,5.48045079217666,Logan Thomas
12330,TE,average,1.19883333333333,68,0.00790000000000002,0.888771436684746,0.35,2.3985,9,61.2,9.7,7.5062831922378,James O'Shaughnessy
12499,TE,average,1.19766666666667,69,0.0263166666666668,1.0763727281941,0.072,2.18695,9,80.7,8.7,6.958760921951,Gabe Holmes
12955,TE,average,1.1842,70,0.0434500000000002,1.49666782108344,0.0725,3.16275,9,66,4.2,4.49491070566043,Chris Manhertz
13396,TE,average,1.1585,71,0.0354999999999999,1.65654550194071,0.016,3.1986,9,43.8,19.8,13.0362581221344,Darrell Daniels
12833,TE,average,1.123,72,0.00224999999999986,0.732347731613883,0.3554,2.0304,9,56,3.1,3.89263620834496,Rico Gathers
13722,TE,average,1.123,72,0.00908333333333333,0.970262593322035,0.3075,2.5275,9,58.2,9.7,7.5062831922378,Blake Jarwin
11252,TE,average,1.1185,73,0.0237333333333334,0.680232435764913,0.2975,1.837,9,64,4.6,4.71391961377515,Levine Toilolo
8269,TE,average,1.10933333333333,74,0.0308583333333332,0.539686452180029,0.3935,1.635,9,71.1,5.4,5.15193743000459,Marcedes Lewis
13819,TE,average,1.0802,75,0.0284916666666668,1.08201996284727,0.162,2.5222,9,51,14,9.86062895447101,Jordan Thomas
13315,TE,average,1.07675,76,0.110083333333333,1.1326218698224,0.064,2.4056,9,70.7,2.4,3.5093706191442,Eric Saubert
13195,TE,average,1.02666666666667,77,0.163333333333333,1.00831571019625,0.096,2.4758,9,68.6,4.3,4.54966293268911,Jordan Leggett
12479,TE,average,0.906666666666667,78,0.0965,0.851391018666903,0.0375,1.7075,10,NA,NA,NA,Khari Lee
12792,TE,average,0.82,79,0.0298333333333334,0.579827560572969,0.041,0.779,10,NA,NA,NA,Seth DeValve
12585,TE,average,0.800333333333333,80,0.0940833333333333,0.415431803468792,0.0953999999999999,0.88685,10,NA,NA,NA,Daniel Brown
11258,TE,average,0.78,81,0.17875,NA,0.78,0.78,10,NA,NA,NA,Mychal Rivera
12681,TE,average,0.6325,82,0.0687,0.102530483272049,0.56725,0.69775,10,NA,NA,NA,Jerell Adams
11510,TE,average,0.57,83,0.0262,NA,0.57,0.57,10,NA,NA,NA,Brandon Williams
10398,TE,average,0.5576,84,0.0326,0.365586469479748,0.04,0.93425,10,68.8,5.2,5.04243297594723,Lee Smith
11703,TE,average,0.53,85,0.015,NA,0.53,0.53,10,NA,NA,NA,Troy Niklas
13191,TE,average,0.52,86,0.0675,NA,0.52,0.52,10,NA,NA,NA,Bucky Hodges
13613,TE,average,0.51,87,0.1165,NA,0.51,0.51,10,50.6,21.2,13.8027893005359,Jaylen Samuels
13366,TE,average,0.395,88,0.00408333333333327,0.234591844132172,0.034,0.439,10,NA,NA,NA,Mason Schreck
10747,TE,average,0.392,89,0.00383333333333336,0.323074759150262,0.031,0.7424,10,NA,NA,NA,Orson Charles
13194,TE,average,0.389833333333333,90,0.00658333333333339,0.266290380349472,0.1825,0.7705,10,NA,NA,NA,Jeremy Sprinkle
11701,TE,average,0.3865,91,0.00649999999999995,0.210287818635951,0.1825,0.67125,10,NA,NA,NA,Xavier Grimble
12209,TE,average,0.38,92,0.00669999999999998,NA,0.38,0.38,10,NA,NA,NA,Ben Koyack
13772,TE,average,0.38,92,0.0167,0.113137084989848,0.308,0.452,10,NA,NA,NA,Dalton Schultz
13445,TE,average,0.3666,93,0.0266,0.290172190259508,0.0425,0.72975,10,NA,NA,NA,Antony Auclair
10123,TE,average,0.316,96,0.0167,0.198677292780697,0.01,0.467,10,63.8,5.3,5.09718520297591,Logan Paulsen
12868,TE,average,0.3048,97,0.0229,0.214404291001836,0.0275,0.527,10,NA,NA,NA,Ben Braunecker
13676,TE,average,0.2938,98,0.0738,0.173687074936508,0.092,0.4772,10,NA,NA,NA,Durham Smythe
11251,TE,average,0.27,99,0.1225,NA,0.27,0.27,10,NA,NA,NA,Gavin Escobar
11628,TE,average,0.17,100,0.0975,NA,0.17,0.17,10,NA,NA,NA,Phillip Supernaw
11343,TE,average,0.125,101,0.1135,NA,0.125,0.125,10,NA,NA,NA,Ifeanyi Momah
13880,TE,average,0.02,102,0.017,0.0424264068711929,-0.057,-0.003,11,NA,NA,NA,Dan Arnold
12596,TE,average,0.003,103,0,0.00212132034355964,0.00015,0.00285,11,NA,NA,NA,Matt LaCosse
12899,TE,average,0.003,103,5e-04,0.00212132034355964,0.00015,0.00285,11,NA,NA,NA,Cole Wick
12996,TE,average,0.003,103,0.002,0.00212132034355964,0.00015,0.00285,11,NA,NA,NA,Alan Cross
12309,TE,average,0.002,104,0.002,0.0014142135623731,1e-04,0.0019,11,NA,NA,NA,MyCole Pruitt
11434,TE,average,0,105,0,NA,0,0,11,NA,NA,NA,MarQueis Gray
11516,TE,average,0,105,0,NA,0,0,11,NA,NA,NA,Jack Doyle
11785,TE,average,0,105,0,NA,0,0,11,NA,NA,NA,Richard Rodgers
12363,TE,average,0,105,0,NA,0,0,11,NA,NA,NA,Neal Sterling
12676,TE,average,0,105,0,NA,0,0,11,NA,NA,NA,Hunter Henry
12816,TE,average,0,105,0,NA,0,0,11,NA,NA,NA,David Morgan
12898,TE,average,0,105,0,NA,0,0,11,NA,NA,NA,Ross Travis
13254,TE,average,0,105,0,NA,0,0,11,NA,NA,NA,Adam Shaheen
13369,TE,average,0,105,0,NA,0,0,11,NA,NA,NA,Cethan Carter
13427,TE,average,0,105,0,NA,0,0,11,NA,NA,NA,Robert Tonyan
13438,TE,average,0,105,0,0,0,0,11,74.2,4.7,4.76867184080383,Sean Culkin
13673,TE,average,0,105,0,NA,0,0,11,NA,NA,NA,Troy Fumagalli
13680,TE,average,0,105,0,NA,0,0,11,NA,NA,NA,Hayden Hurst
13847,TE,average,0,105,0,NA,0,0,11,NA,NA,NA,Ryan Izzo
13861,TE,average,0,105,0,NA,0,0,11,NA,NA,NA,Austin Roberts
8416,TE,average,0,105,0,NA,0,0,11,NA,NA,NA,Delanie Walker
8687,TE,average,0,105,0,NA,0,0,11,NA,NA,NA,Greg Olsen
9611,TE,average,0,105,0,NA,0,0,11,NA,NA,NA,Zach Miller
9912,TE,average,0,105,0.002,NA,0,0,11,NA,NA,NA,Ed Dickson
9946,TE,average,0,105,NA,NA,0,0,11,NA,NA,NA,Michael Hoomanawanui
13391,TE,average,-0.004,106,NA,0.00282842712474619,-0.0038,-2e-04,11,NA,NA,NA,Jacob Hollister
8910,TE,average,NA,NA,NA,NA,0,0,11,NA,NA,NA,Clark Harris
9988,WR,average,18.8947142857143,1,1.67744047619048,1.53728590456719,17.105,21.008,1,1.8,0.7,1.74565929116021,Antonio Brown
12652,WR,average,17.7242380952381,2,1.31117857142857,1.57984196014906,15.993,20.0548,1,1.5,0.8,1.79973288796289,Michael Thomas
10271,WR,average,16.7103095238095,3,0.637285714285714,2.80354900082021,13.528,20.5348,1,3.5,1.5,2.17824806558165,Julio Jones
11232,WR,average,16.1158095238095,4,0.469176190476192,1.94405375440084,14.1115,18.938,2,4.4,1.2,2.01602727517361,DeAndre Hopkins
12801,WR,average,16.0302380952381,5,0.788592857142856,2.26923812471646,13.905,19.333,2,5.7,1.9,2.39454245279238,Tyreek Hill
11679,WR,average,15.2630285714286,6,0.194588095238094,2.47807562627209,12.4647,18.6367,2,5.5,1.5,2.17824806558165,Odell Beckham
10261,WR,average,15.2202619047619,7,0.475785714285713,1.83498369007933,13.229,17.741,2,7.5,1.8,2.3404688559897,A.J. Green
11671,WR,average,14.916619047619,8,0.760773809523808,1.93454679077925,12.9871,17.5188,2,8,1.7,2.28639525918702,Mike Evans
11222,WR,average,14.5723333333333,9,0.836261904761907,1.18951626822879,13.094,15.9724,2,12.7,2.3,2.6108368400031,Keenan Allen
11675,WR,average,13.7393571428571,10,0.0161071428571429,0.786977551564635,12.899,14.8769,3,11.4,2.2,2.55676324320042,Davante Adams
13156,WR,average,13.7327857142857,11,0.0374703313927469,1.72356381897951,11.966,16.23,3,10.1,2.4,2.66491043680578,JuJu Smith-Schuster
10729,WR,average,13.7137142857143,12,0.0987798552022703,1.91081068559669,12.3505,16.584,3,14.4,2.2,2.55676324320042,T.Y. Hilton
12186,WR,average,13.6769164800717,13,0.436404575309748,1.48428456277961,11.645,15.446,3,9.9,2.2,2.55676324320042,Stefon Diggs
11938,WR,average,13.5529523809524,14,0.758630952380951,1.76767412424457,11.773,16.208,3,11.1,2.1,2.50268964639774,Adam Thielen
11674,WR,average,12.9280714285714,15,0.519261904761905,2.31790537626827,11.265,16.587,3,18.6,3.6,3.31379359843794,Brandin Cooks
9831,WR,average,12.6605714285714,16,0.523869047619048,2.1621211806927,10.819,16.0502,3,16.6,3.3,3.1515728080299,Golden Tate
11680,WR,average,12.1570476190476,17,0.104154761904761,2.04288422392972,10.5274,15.4569,3,15.9,2.7,2.82713122721382,Jarvis Landry
12181,WR,average,12.1163571428571,18,0.326499999999998,1.75559333342917,10.272,14.729,3,17.2,2.5,2.71898403360846,Nelson Agholor
9918,WR,average,11.9894285714286,19,0.589952380952381,2.29928791254203,10.3987,15.662,3,18.4,2.8,2.8812048240165,Emmanuel Sanders
12175,WR,average,11.5902857142857,20,0.382738095238095,2.25628410276298,9.8257,15.165,3,21.3,3.4,3.20564640483258,Amari Cooper
9884,WR,average,11.2086666666667,21,0.0922857142857154,1.4774436094307,10.252,13.6018,4,27.3,5,4.07082395367546,Demaryius Thomas
11850,WR,average,11.2064285714286,22,0.227190476190476,1.8374243489448,9.283,13.9084,4,29.3,6.8,5.04414869612371,Quincy Enunwa
10983,WR,average,11.0263333333333,23,0.141226190476189,1.82518717892035,9.6915,14.016,4,24.1,5.9,4.55748632489959,Chris Hogan
13277,WR,average,10.9321428571429,24,0.174464285714288,2.15959922428302,9.3824,14.3759,4,24.1,3.1,3.04342561442454,Kenny Golladay
11227,WR,average,10.8380714285714,25,0.18252857142857,3.29988244379359,8.4137,16.162,4,30.3,4.6,3.85452956646474,Kenny Stills
11678,WR,average,10.6772857142857,26,0.0661357142857124,2.2743937444431,7.2606,12.797,4,22,3.7,3.36786719524062,Allen Robinson
13164,WR,average,10.6338,27,0.0567642857142854,2.00495473170605,8.0735,13.2308,4,30.9,4.9,4.01675035687278,Cooper Kupp
9075,WR,average,10.5885,28,0.0481428571428584,2.10986263375921,8.6214,13.661,4,33.9,6.5,4.88192790571567,DeSean Jackson
12205,WR,average,10.5655714285714,29,0.0773809523809508,2.01390254883162,8.421,13.463,4,33.2,4.1,3.58416158245134,Devin Funchess
10738,WR,average,10.5151428571429,30,0.0578095238095244,1.22903035725226,9.101,12.042,4,27.6,3.9,3.47601438884598,Marvin Jones
13412,WR,average,10.4612380952381,31,0.0388690476190483,2.17457857986323,8.6294,13.857,4,30.9,4.7,3.90860316326742,Keelan Cole
9427,WR,average,10.4534285714286,32,0.0778571428571428,1.82712540294727,8.446,13.016,4,37,4.7,3.90860316326742,Michael Crabtree
7393,WR,average,10.3913095238095,33,0.0612499999999994,1.60747449065148,7.819,11.5799,4,22.4,4.2,3.63823517925402,Larry Fitzgerald
12647,WR,average,10.3598333333333,34,0.363142857142858,1.9386734173263,8.6711,13.339,4,29.7,7.2,5.26044308333443,Will Fuller
12187,WR,average,10.3002857142857,35,0.638369047619049,1.90135484276219,8.8629,13.318,4,36.3,5,4.07082395367546,Tyler Lockett
11228,WR,average,9.69309523809524,36,0.235026190476189,1.63829336288015,7.34,11.3768,4,33.3,4.4,3.74638237285938,Robert Woods
10308,WR,average,9.6307380952381,37,0.543930952380952,0.817518079019546,8.713,10.7488,5,34.1,4.7,3.90860316326742,Randall Cobb
11783,WR,average,9.2854,38,0.412602380952382,2.06424900445197,7.4853,12.468,5,39.8,4.3,3.6923087760567,John Brown
9250,WR,average,8.88821428571429,39,0.0887380952380958,0.59792526209186,8.339,9.7587,6,41,3.9,3.47601438884598,Pierre Garcon
13153,WR,average,8.85738095238095,40,0.164809523809524,1.42780856059707,7.055,10.6177,5,39.8,5,4.07082395367546,Corey Davis
8360,WR,average,8.74157142857143,41,0.110690476190475,2.28225622492096,6.2574,12.019,6,50,6.3,4.77378071211031,Brandon Marshall
12650,WR,average,8.64357142857143,42,0.0357904761904759,2.09135001966718,6.2739,11.552,6,54.5,6.7,4.99007509932103,Tyler Boyd
8673,WR,average,8.61819047619048,43,0.0945047619047603,1.43338606768994,7.1572,10.6756,6,46.5,6.1,4.66563351850495,Ted Ginn Jr.
11670,WR,average,8.59737142857143,44,0.263204761904761,1.32558651888423,6.986,10.0426,6,31.6,5.3,4.2330447440835,Sammy Watkins
10722,WR,average,8.45,45,0.359654761904762,5.97505230102633,0.4225,8.0275,7,81.6,9.4,6.45006221299339,Alshon Jeffery
12184,WR,average,8.21833333333333,46,0.282897619047619,1.04848764100171,6.881,9.5255,8,45.6,6.2,4.71970711530763,Jamison Crowder
12665,WR,average,7.96235714285714,47,0.112326190476192,1.03821749716934,7.018,9.389,8,46.6,5.7,4.44933913129422,Geronimo Allison
12930,WR,average,7.90851428571429,48,0.168907142857143,1.31755957667774,6.614,9.7078,8,47.7,5,4.07082395367546,Robby Anderson
12658,WR,average,7.79154761904762,49,0.311547619047619,0.857398196094829,6.914,8.9963,8,49.6,4.2,3.63823517925402,Sterling Shepard
12176,WR,average,7.68766666666667,50,0.466071428571428,1.12644084028708,6.02725,8.76,8,70.6,11.9,7.8019021330604,DeVante Parker
10723,WR,average,7.27233333333333,51,0.103333333333333,1.83030074291735,4.8651,9.145,8,62.2,5.7,4.44933913129422,Mohamed Sanu
11681,WR,average,7.17085714285714,52,0.047821428571428,1.46401546635078,5.022,8.684,8,58.9,5.3,4.2330447440835,Paul Richardson
13640,WR,average,7.16714285714286,53,0.171642857142857,0.737157604134512,6.248,8.0218,9,53,9.2,6.34191501938803,Antonio Callaway
13158,WR,average,7.07892857142857,54,0.197511904761905,0.928056648517289,6.2984,8.546,9,52.7,4.8,3.9626767600701,Dede Westbrook
11677,WR,average,6.91207142857143,55,0.0743154761904767,1.49340622164806,5.2343,9.0113,9,64,7.2,5.26044308333443,Donte Moncrief
12391,WR,average,6.8507619047619,56,0.0566011904761901,0.928374103575965,5.563,7.798,9,64.8,5.4,4.28711834088618,Tyrell Williams
13634,WR,average,6.82475,57,0.0634357142857134,4.24513627578668,3.8925,12.985,9,54.2,8.6,6.01747343857195,Dante Pettis
9308,WR,average,6.76357142857143,58,0.0301857142857145,1.39160607795111,5.282,8.7434,9,59.3,6.3,4.77378071211031,Danny Amendola
12648,WR,average,6.75905714285714,59,0.0869857142857153,1.38193782163205,4.7292,8.194,9,68.9,6.7,4.99007509932103,Josh Doctson
13163,WR,average,6.70771428571429,60,0.0741428571428564,1.4537266887948,5.283,8.609,9,41.8,4.7,3.90860316326742,Chris Godwin
9118,WR,average,6.63642857142857,61,0.0244571428571421,1.44129368145096,4.547,8.0807,9,56.1,6.5,4.88192790571567,Jordy Nelson
11812,WR,average,6.63071428571429,62,0.0563857142857147,0.853368312155119,5.856,8.0372,9,70.1,8,5.69303185775587,Ryan Grant
13629,WR,average,6.59322857142857,63,0.0879785714285717,1.910401391381,4.3555,9.302,9,58.1,7,5.15229588972907,Calvin Ridley
11673,WR,average,6.55542857142857,64,0.197303571428571,1.02464820908493,5.4715,7.992,9,59.6,6.7,4.99007509932103,Kelvin Benjamin
11239,WR,average,6.45507142857143,65,0.310482142857143,2.64592653679108,3.6722,9.7742,9,45.2,9.8,6.66635660020411,Marquise Goodwin
12188,WR,average,6.26117857142857,66,0.248083333333334,2.34343207812002,2.518,7.738,9,51.3,5.6,4.39526553449154,Phillip Dorsett
10960,WR,average,6.028,67,0.0379583333333331,3.07481644438602,2.26225,9.62,9,57.8,10.7,7.15301897142824,Josh Gordon
10973,WR,average,5.99819047619048,68,0.0573869047619056,1.57322215607998,3.825,7.808,9,64.7,6.2,4.71970711530763,Cole Beasley
10903,WR,average,5.98189285714286,69,0.083035714285713,1.25232249003506,4.4722,7.6362,9,76.3,7.6,5.47673747054515,Rishard Matthews
13154,WR,average,5.89971428571429,70,0.0568928571428566,1.71690037706382,3.868,8.078,9,53.8,9.2,6.34191501938803,Mike Williams
11951,WR,average,5.898,71,0.183464285714286,1.7155575187093,4.38975,8.365,9,68.1,7.1,5.20636948653175,Willie Snead
11975,WR,average,5.78764285714286,72,0.148928571428572,1.89071396189754,3.5427,8.172,9,75,8.6,6.01747343857195,Taylor Gabriel
11925,WR,average,5.64142857142857,73,0.061832142857142,1.08329103946745,4.159,6.7842,10,70.5,9.8,6.66635660020411,Allen Hurns
11890,WR,average,5.636,74,0.141760714285716,1.34300480444483,4.048,7.357,10,70.3,7.5,5.42266387374247,Albert Wilson
13631,WR,average,5.52319285714286,75,0.0581035714285711,1.32415538075445,4.0381,6.999,10,79,7.7,5.53081106734783,James Washington
10500,WR,average,5.46528571428571,76,0.0471845238095225,1.89909771809066,3.171,8.096,10,75.3,8.5,5.96339984176927,Terrelle Pryor
10734,WR,average,5.46489285714286,77,0.174916666666667,2.04775883299163,3.6227,8.3868,10,77,7.3,5.31451668013711,Jarius Wright
11688,WR,average,5.37130952380952,78,0.16772023809524,0.903339703017431,4.2319,6.3976,10,92.1,7,5.15229588972907,Martavis Bryant
13630,WR,average,5.20864285714286,79,0.0358273809523801,1.31127758493841,3.3756,6.542,10,76,6,4.61155992170227,Courtland Sutton
10289,WR,average,5.19853571428571,80,0.0532500000000002,1.15813390540867,3.895,6.8067,10,86.7,5.4,4.28711834088618,Torrey Smith
11689,WR,average,5.14709523809524,81,0.00488095238095188,1.89075253347897,2.453,7.253,10,85,7.6,5.47673747054515,Bruce Ellington
13155,WR,average,5.14347619047619,82,0.141208333333333,1.37661013950591,3.3487,6.8948,10,73.2,8.7,6.07154703537463,John Ross
13639,WR,average,5.14095238095238,83,0.280904761904762,1.8162818115721,3.599,7.928,10,78.9,8.1,5.74710545455855,Anthony Miller
10956,WR,average,4.86358333333333,84,0.0135773809523814,1.02012739400528,3.5975,5.98925,10,80.8,7.6,5.47673747054515,Deonte Thompson
12656,WR,average,4.8565119047619,85,0.0298904761904764,0.823435226006619,4.131,6.138,10,81.2,8,5.69303185775587,Rashard Higgins
12934,WR,average,4.8435,86,0.100075,1.13155891204505,3.5821,6.365,10,95.4,5.5,4.34119193768886,Chester Rogers
12505,WR,average,4.80974285714286,87,0.165510714285714,1.47425957202736,3.0996,6.6207,10,101.3,8.9,6.17969422897999,Adam Humphries
13633,WR,average,4.67710714285714,88,0.163035714285715,1.10420650242606,3.43,5.9904,10,81.5,6.1,4.66563351850495,Christian Kirk
13176,WR,average,4.61135714285714,89,0.195511904761904,1.00957529967521,3.6602,6.186,10,85.8,7.6,5.47673747054515,Zay Jones
11456,WR,average,4.41678571428571,90,0.0207619047619048,1.32692941284255,2.83,6.186,11,89.7,4.5,3.80045596966206,Jaron Brown
13316,WR,average,4.41490476190476,91,0.0614761904761911,1.30934292863325,2.888,6.1,11,98.2,7.8,5.58488466415051,Trent Taylor
10651,WR,average,4.37714285714286,92,0.0662142857142856,1.67487303001352,2.033,6.235,11,67.1,7.8,5.58488466415051,Kamar Aiken
11076,WR,average,4.32971428571429,93,0.0495595238095241,1.55914162892523,3.126,6.783,11,103.1,9.1,6.28784142258535,Jermaine Kearse
13635,WR,average,4.29214285714286,94,0.0675833333333333,2.31494634309925,1.659,7.334,11,73.5,11.1,7.36931335863896,D.J. Moore
11676,WR,average,4.26816666666667,95,0.0910714285714285,1.63678836954161,2.5175,6.5225,11,98.3,8,5.69303185775587,Jordan Matthews
13646,WR,average,4.18095238095238,96,0.0095619047619051,1.21287739340321,2.6372,5.59,11,85.2,9.3,6.39598861619071,Michael Gallup
11213,WR,average,4.1732380952381,97,0.0427166666666663,1.65658462477702,1.8396,6.166,11,95.8,7.3,5.31451668013711,Tavon Austin
13280,WR,average,4.16954285714286,98,0.0925785714285707,1.57699722196814,1.8597,5.853,11,98.6,5.3,4.2330447440835,Chad Williams
10737,WR,average,4.0915,99,0.0335238095238095,1.17957151825002,2.50775,5.255,11,106.6,11.7,7.69375493945504,Travis Benjamin
12645,WR,average,4.06242857142857,100,0.141809523809524,1.17212491208224,2.8142,5.728,11,93.5,5.9,4.55748632489959,Laquon Treadwell
12471,WR,average,4.05352380952381,101,0.334130952380951,1.21603851364448,3.0793,5.899,11,97.3,7.2,5.26044308333443,Seth Roberts
11758,WR,average,3.78771428571429,102,0.208428571428572,0.739809756755395,3.0637,4.8475,11,101.1,4.9,4.01675035687278,Cody Latimer
13167,WR,average,3.65107142857143,103,0.153607142857143,0.999450491877555,2.472,4.934,11,91.2,5.9,4.55748632489959,Taywan Taylor
13645,WR,average,3.5075,104,0.0260000000000002,2.72162206536225,0.827,7.2975,11,94.2,9.5,6.50413580979607,Tre'Quan Smith
12257,WR,average,3.48742857142857,105,0.0538523809523803,1.07001619925432,1.872,4.449,11,97.4,5,4.07082395367546,Chris Conley
12657,WR,average,3.47557142857143,106,0.12841875538948,0.998679914401292,2.367,4.6425,11,107.2,5,4.07082395367546,Tajae Sharpe
12814,WR,average,3.39158095238095,107,0.230152088722813,1.75248469866291,0.8689,5.3141,11,88.4,9.8,6.66635660020411,Jakeem Grant
11225,WR,average,3.30272439398295,108,0.363443441601992,1.90570286953754,1.2092,5.701,11,91,8.3,5.85525264816391,Cordarrelle Patterson
13367,WR,average,3.02013333333333,109,0.163502380952381,1.41613375074532,1.2984,4.442,12,99.9,7.6,5.47673747054515,Austin Carr
10674,WR,average,2.85842857142857,110,0.0148452380952384,1.39997766988994,1.0231,4.525,12,104.9,9.4,6.45006221299339,Andre Holmes
13170,WR,average,2.85483333333333,111,0.0991380952380956,1.17719877958936,1.76775,4.495,12,104.5,8.8,6.12562063217731,Shelton Gibson
11686,WR,average,2.83233333333333,112,0.269709523809524,0.9854968290157,1.7425,4.1325,12,113.8,8.4,5.90932624496659,T.J. Jones
11211,WR,average,2.67905714285714,113,0.374390476190476,0.861752284592272,1.6608,3.856,12,106.3,8.3,5.85525264816391,Terrance Williams
12319,WR,average,2.44619047619048,114,0.283285714285715,0.925934997204242,1.234,3.557,12,99.8,13.7,8.77522687550864,J.J. Nelson
13668,WR,average,2.16314285714286,115,0.00430952380952387,1.49638830267446,0.4191,4.108,12,110.3,7.3,5.31451668013711,D.J. Chark
12773,WR,average,2.16266666666667,116,0.0904999999999996,0.89756195700724,0.98775,3.125,12,109.5,3.2,3.09749921122722,Chris Moore
11406,WR,average,2.155,117,0.190133333333333,1.9869700551342,0.8905,3.4195,12,NA,NA,NA,Brice Butler
13653,WR,average,1.98933333333333,118,0.179133333333333,0.913221176203589,1.055,2.97575,12,119.6,7.4,5.36859027693979,Robert Foster
11659,WR,average,1.9404,119,0.266971428571429,0.513527798663325,1.2476,2.314,13,116.7,4.3,3.6923087760567,De'Anthony Thomas
11219,WR,average,1.68,120,0.0464464285714286,NA,1.68,1.68,13,NA,NA,NA,Tavarres King
12185,WR,average,1.66685714285714,121,0.0773571428571431,0.918355751173959,0.7779,2.988,13,127,4.8,3.9626767600701,Justin Hardy
9843,WR,average,1.60025,122,0.0264583333333333,1.21473875792287,0.40765,2.8845,13,124,19.5,11.9114954900641,Brandon LaFell
13418,WR,average,1.57875,123,0.0444999999999998,1.27380139739286,0.084,2.754,13,118.3,4.9,4.01675035687278,Kendrick Bourne
13662,WR,average,1.56883333333333,124,0.0879285714285716,1.34642142981559,0.3519,2.9005,13,137.9,12.7,8.23449090748184,Keke Coutee
12465,WR,average,1.49966666666667,125,0.0415952380952382,1.3829794888814,0.5825,3.59275,13,120.9,16.3,10.1811403923783,Cameron Meredith
12785,WR,average,1.46214285714286,126,0.040142857142857,0.881107987544254,0.29,2.504,13,111.4,5.3,4.2330447440835,Demarcus Robinson
13348,WR,average,1.454,127,0.0655999999999999,0.921238794594901,0.11685,2.0542,14,118.1,4.8,3.9626767600701,David Moore
12916,WR,average,1.39,128,0.01085,NA,1.39,1.39,14,NA,NA,NA,Johnny Holton
11212,WR,average,1.3868,129,0.0402166666666666,0.771186877481716,0.382,2.1592,14,124.8,20.2,12.2900106676829,Justin Hunter
13165,WR,average,1.3715,130,0.0656666666666668,0.917996895419587,0.3225,2.36,14,113.9,6.3,4.77378071211031,Ryan Switzer
13168,WR,average,1.32166666666667,131,0.0372500000000002,0.803621801595751,0.4345,2.3525,14,124.6,6.9,5.09822229292639,Josh Reynolds
13793,WR,average,1.29,132,0.0144583333333332,0.956409953942346,0.374,2.484,14,120.4,9.6,6.55820940659875,Marquez Valdes-Scantling
10412,WR,average,1.27883333333333,133,0.0105083333333331,0.738913977853083,0.53925,2.07825,14,135.2,14.7,9.31596284353544,Aldrick Robinson
13488,WR,average,1.27225,134,0.0360499999999999,0.66081685561634,0.517,1.79445,14,125,6,4.61155992170227,Zach Pascal
11237,WR,average,1.2644,135,0.1067,1.19595234018752,0.4176,2.8876,14,127.3,6.2,4.71970711530763,Russell Shepard
13724,WR,average,1.208,136,0.109841666666667,1.07732210441755,0.3125,2.47725,14,NA,NA,NA,Richie James
13649,WR,average,1.1074,137,0.0359833333333333,0.612334059153988,0.5618,1.92,14,130.4,6.1,4.66563351850495,DaeSean Hamilton
11104,WR,average,1.08891666666667,138,0.0353333333333334,0.74271798147076,0.3975,2.135,14,132.8,7.1,5.20636948653175,Josh Bellamy
12177,WR,average,1.05391666666667,139,0.00591666666666657,0.450772854846725,0.713,1.7025,14,117.9,12.2,7.96412292346844,Kevin White
10735,WR,average,1.05325,140,0.0213750000000001,0.715712407325736,0.4132,1.88295,14,142,11,7.31523976183628,Brian Quick
13377,WR,average,1.04275,141,0.0312500000000002,0.887476384662338,0.234,1.9327,14,124.1,10.8,7.20709256823092,Tim Patrick
13505,WR,average,1.021,142,0.0711499999999998,0.72334235785461,0.2725,1.86,14,119.9,10.7,7.15301897142824,Marvin Hall
12197,WR,average,1.002,143,0.11315,0.691210532327163,0.5926,1.6816,14,134,6,4.61155992170227,Breshad Perriman
12913,WR,average,0.8977,144,0.0226999999999999,0.494181747943001,0.4775,1.5875,14,140.7,8,5.69303185775587,Alex Erickson
12884,WR,average,0.88,145,0.0150000000000001,NA,0.88,0.88,14,NA,NA,NA,Hunter Sharp
12639,WR,average,0.87,146,0.0197500000000002,NA,0.87,0.87,14,81.5,4.6,3.85452956646474,Tyler Ervin
13181,WR,average,0.86,147,0.0691835772357724,NA,0.86,0.86,14,NA,NA,NA,Travis Rudolph
12464,WR,average,0.8405,148,0.102333577235772,0.452714369111474,0.111,1.1596,14,NA,NA,NA,Damiere Byrd
9452,WR,average,0.741132845528455,149,0.0090328455284554,0.198385805761957,0.435,0.91225,14,132,5.2,4.17897114728082,Darrius Heyward-Bey
12917,WR,average,0.7352,150,0.0198666666666666,0.482220558112848,0.0725,1.21875,14,144,16.3,10.1811403923783,Maurice Harris
10721,WR,average,0.729,151,0.0327666666666667,0.184642898590766,0.6023,0.911,14,NA,NA,NA,Michael Floyd
13776,WR,average,0.701666666666667,152,0.0112666666666666,0.363730669589464,0.387,1.035,14,NA,NA,NA,Justin Watson
12062,WR,average,0.6908,153,0.0126500000000001,0.450737173971706,0.045,1.124,14,138,1,1.90788008156825,Freddie Martino
13642,WR,average,0.69,154,0.02755,0.247487373415292,0.5275,0.8425,14,NA,NA,NA,Auden Tate
13235,WR,average,0.6663,155,0.00833333333333341,0.455743092834841,0.0525,1.12075,14,127.1,8.4,5.90932624496659,Josh Malone
13510,WR,average,0.6586,156,0.00859999999999994,0.434335546169856,0.04625,0.9895,14,138,5.4,4.28711834088618,Jaydon Mickens
12824,WR,average,0.657333333333333,157,0.0209999999999999,0.43925239517465,0.057,0.9808,14,NA,NA,NA,Cody Core
12673,WR,average,0.642666666666667,158,0.0176666666666667,0.266545618359535,0.2775,0.89825,14,NA,NA,NA,Charone Peake
10955,WR,average,0.6,161,0.00500000000000012,0.424264068711929,0.03,0.57,14,NA,NA,NA,Rod Streater
12675,WR,average,0.6,162,0.01375,0.424264068711929,0.03,0.57,14,NA,NA,NA,Mike Thomas
13436,WR,average,0.59,163,0.0114166666666666,NA,0.59,0.59,14,NA,NA,NA,Reggie Davis
13641,WR,average,0.5825,164,0.0116666666666667,0.650751616722284,0.09775,1.34855,14,133,9.1,6.28784142258535,Ray-Ray McCloud
13657,WR,average,0.574666666666667,165,0.00891666666666668,0.267454669056272,0.334,0.8146,14,107.2,20.4,12.3981578612882,J'Mon Moore
11600,WR,average,0.567,166,0.00475000000000003,0.337907285114324,0.048,0.6348,14,NA,NA,NA,Nick Williams
13585,WR,average,0.5645,167,0.0145,0.588073408116141,0.00750000000000001,0.9561,14,NA,NA,NA,Brandon Zylstra
13666,WR,average,0.56,168,0.03775,NA,0.56,0.56,14,NA,NA,NA,Daurice Fountain
9144,WR,average,0.54,169,0.0444166666666667,NA,0.54,0.54,14,NA,NA,NA,Harry Douglas
12178,WR,average,0.5045,170,0.0211666666666667,0.318692589601118,0.145,0.8815,14,141.5,7.5,5.42266387374247,Sammie Coates
13794,WR,average,0.486666666666667,171,0.00800000000000001,0.325320354932386,0.21,0.795,15,128,0,1.36714411354145,Damion Ratley
13040,WR,average,0.48,172,0.00645833333333329,NA,0.48,0.48,15,NA,NA,NA,Ed Eagan
10410,WR,average,0.477333333333333,173,0.0154583333333333,0.40154742351724,0.003,0.7502,15,NA,NA,NA,Dwayne Harris
13387,WR,average,0.46975,174,0.01775,0.271326371737065,0.05,0.6584,15,141,4,3.53008798564866,Marcus Johnson
12949,WR,average,0.454,175,0.0140000000000001,0.269817222084383,0.039,0.5052,15,NA,NA,NA,Tanner McEvoy
12460,WR,average,0.45,176,0.024375,NA,0.45,0.45,15,NA,NA,NA,Shane Wynn
11752,WR,average,0.43,177,0.0285416666666666,NA,0.43,0.43,15,NA,NA,NA,Chris Matthews
12337,WR,average,0.42125,178,0.0404166666666667,0.454256443726082,0.000199999999999936,0.93555,15,NA,NA,NA,Kaelin Clay
13637,WR,average,0.381666666666667,179,0.00666666666666665,0.226789182575654,0.154,0.541,15,111.5,13.6,8.72115327870596,Equanimeous St. Brown
13492,WR,average,0.38,180,0.014,NA,0.38,0.38,15,NA,NA,NA,Chris Thompson
12651,WR,average,0.37,181,0.024,NA,0.37,0.37,15,NA,NA,NA,Braxton Miller
13904,WR,average,0.362,182,0.0401666666666666,0.367267386699845,0.00600000000000001,0.6036,15,NA,NA,NA,Janarion Grant
12921,WR,average,0.33,183,0.0294166666666667,0.233345237791561,0.0165,0.3135,15,139.5,3.5,3.25972000163526,Tommylee Lewis
12338,WR,average,0.313666666666667,184,0.0349166666666667,0.441969361683213,-0.1581,0.74575,15,127.3,2.6,2.77305763041114,Geremy Davis
9921,WR,average,0.2875,185,0.0233333333333333,0.234415229880654,0.002,0.5128,15,117,21,12.7225994421043,Andre Roberts
11570,WR,average,0.27,186,0.034,0.240416305603426,0.217,0.523,15,NA,NA,NA,Brittan Golden
13809,WR,average,0.258333333333333,187,0.0465,0.294292937960348,0.0605,0.542,15,NA,NA,NA,Russell Gage
13177,WR,average,0.213666666666667,188,0.0186666666666667,0.171465011008077,0.00974999999999999,0.3594,15,124.3,4.9,4.01675035687278,Stacy Coley
13658,WR,average,0.21,189,0.03,NA,0.21,0.21,15,NA,NA,NA,Jordan Lasley
13066,WR,average,0.18,190,0.005,NA,0.18,0.18,15,NA,NA,NA,Kalif Raymond
13644,WR,average,0.18,190,0.015,NA,0.18,0.18,15,134,6,4.61155992170227,Javon Wims
11870,WR,average,0.17,191,0.015,NA,0.17,0.17,15,NA,NA,NA,Jeff Janis
9859,WR,average,0.16,192,0.03,NA,0.16,0.16,15,NA,NA,NA,Arrelious Benn
13313,WR,average,0.15,193,0.065,NA,0.15,0.15,15,NA,NA,NA,Isaiah McKenzie
13893,WR,average,0.11,194,0.075,0.0777817459305202,0.0055,0.1045,15,NA,NA,NA,Trent Sherfield
11229,WR,average,0.06,195,0.051,NA,0.06,0.06,15,NA,NA,NA,Markus Wheaton
9383,WR,average,0.01,196,0.0035,NA,0.01,0.01,15,NA,NA,NA,Eric Weems
9200,WR,average,0.008,197,0.0055,0.00565685424949238,4e-04,0.0076,16,NA,NA,NA,Matt Slater
12586,WR,average,0.005,198,0.005,0.00353553390593274,0.00025,0.00475,16,NA,NA,NA,Darius Jennings
10527,WR,average,0,199,0,NA,0,0,16,NA,NA,NA,Doug Baldwin
11481,WR,average,0,199,0,NA,0,0,16,NA,NA,NA,Marlon Brown
11672,WR,average,0,199,0,NA,0,0,16,NA,NA,NA,Marqise Lee
11857,WR,average,0,199,0,NA,0,0,16,NA,NA,NA,Michael Campanaro
12183,WR,average,0,199,0,NA,0,0,16,NA,NA,NA,Rashad Greene
12398,WR,average,0,199,0,NA,0,0,16,NA,NA,NA,Jordan Taylor
12443,WR,average,0,199,0,NA,0,0,16,NA,NA,NA,Jake Kumerow
12638,WR,average,0,199,0,0,0,0,16,148.3,5.7,4.44933913129422,Keenan Reynolds
12660,WR,average,0,199,0,NA,0,0,16,NA,NA,NA,Pharoh Cooper
12731,WR,average,0,199,0,NA,0,0,16,NA,NA,NA,Eli Rogers
12777,WR,average,0,199,0,NA,0,0,16,NA,NA,NA,Ricardo Louis
12800,WR,average,0,199,0,NA,0,0,16,NA,NA,NA,Trevor Davis
12873,WR,average,0,199,0,NA,0,0,16,NA,NA,NA,Andy Jones
13157,WR,average,0,199,0,NA,0,0,16,NA,NA,NA,Curtis Samuel
13161,WR,average,0,199,0,NA,0,0,16,NA,NA,NA,Artavis Scott
13166,WR,average,0,199,0,NA,0,0,16,NA,NA,NA,Amara Darboh
13172,WR,average,0,199,0,NA,0,0,16,NA,NA,NA,Noah Brown
13174,WR,average,0,199,0,NA,0,0,16,NA,NA,NA,Fred Ross
13184,WR,average,0,199,0,NA,0,0,16,NA,NA,NA,Travin Dural
13238,WR,average,0,199,0,NA,0,0,16,NA,NA,NA,Robert Davis
13289,WR,average,0,199,0,NA,0,0,16,NA,NA,NA,Mack Hollins
13375,WR,average,0,199,0,NA,0,0,16,NA,NA,NA,Victor Bolden
13406,WR,average,0,199,0,NA,0,0,16,NA,NA,NA,Quincy Adeboyejo
13503,WR,average,0,199,0,0,0,0,16,NA,NA,NA,Marcus Kemp
13529,WR,average,0,199,0,0,0,0,16,NA,NA,NA,JoJo Natson
13636,WR,average,0,199,0,NA,0,0,16,NA,NA,NA,Deon Cain
13638,WR,average,0,199,0,NA,0,0,16,NA,NA,NA,Braxton Berrios
13652,WR,average,0,199,0,NA,0,0,16,NA,NA,NA,Cedrick Wilson
13663,WR,average,0,199,0,NA,0,0,16,NA,NA,NA,Jaleel Scott
13664,WR,average,0,199,0,NA,0,0,16,NA,NA,NA,Trey Quinn
13670,WR,average,0,199,0,NA,0,0,16,NA,NA,NA,Darren Andrews
13851,WR,average,0,199,0,NA,0,0,16,NA,NA,NA,Cody Hollister
13863,WR,average,0,199,0,NA,0,0,16,NA,NA,NA,Byron Pringle
13880,WR,average,0,199,0,NA,0,0,16,NA,NA,NA,Dan Arnold
13884,WR,average,0,199,0,0,0,0,16,NA,NA,NA,Vyncint Smith
13895,WR,average,0,199,0,NA,0,0,16,NA,NA,NA,Cam Sims
13910,WR,average,0,199,0,NA,0,0,16,NA,NA,NA,Brandon Powell
9525,WR,average,0,199,0.015,NA,0,0,16,NA,NA,NA,Mike Wallace
9662,WR,average,0,199,NA,NA,0,0,16,NA,NA,NA,Julian Edelman
13905,WR,average,-0.03,200,NA,0.0346410161513775,-0.054,0,16,NA,NA,NA,J.J. Jones
13427,WR,average,NA,NA,NA,NA,0,0,16,NA,NA,NA,Robert Tonyan
